id,title,text_content,category,word_count,year,authors,venue
paper_zh_0001,因果推断在推荐系统中的应用（扩展研究 29）,因果推断在推荐系统中的应用。本研究在更大规模数据集上进行了额外实验验证，提供了理论分析补充。系统性评估了方法在不同场景下的适用性和局限性。,图机器学习,5567,2022,陈晨 等,ACL 中文研讨会
paper_zh_0002,代码生成与大语言模型（扩展研究 34）,代码生成与大语言模型。本研究在更大规模数据集上进行了额外实验验证，提供了理论分析补充。系统性评估了方法在不同场景下的适用性和局限性。,计算机视觉,17461,2022,张伟 等,AAAI
paper_zh_0003,时间序列异常检测方法对比（扩展研究 32）,时间序列异常检测方法对比。本研究在更大规模数据集上进行了额外实验验证，提供了理论分析补充。系统性评估了方法在不同场景下的适用性和局限性。,机器学习,11850,2024,赵磊 等,中国计算机大会
paper_zh_0004,大语言模型知识图谱构建综述（扩展研究 29）,大语言模型知识图谱构建综述。本研究在更大规模数据集上进行了额外实验验证，提供了理论分析补充。系统性评估了方法在不同场景下的适用性和局限性。,自然语言处理,5258,2022,郑宇 等,人工智能学报
paper_zh_0005,代码生成与大语言模型（扩展研究 10）,代码生成与大语言模型。本研究在更大规模数据集上进行了额外实验验证，提供了理论分析补充。系统性评估了方法在不同场景下的适用性和局限性。,自然语言处理,5781,2023,吴昊 等,自然语言处理前沿
paper_zh_0006,中文文本分类与情感分析综述（扩展研究 23）,中文文本分类与情感分析综述。本研究在更大规模数据集上进行了额外实验验证，提供了理论分析补充。系统性评估了方法在不同场景下的适用性和局限性。,数据系统,17165,2022,周涛 等,中国计算机大会
paper_zh_0007,联邦学习隐私保护技术（扩展研究 17）,联邦学习隐私保护技术。本研究在更大规模数据集上进行了额外实验验证，提供了理论分析补充。系统性评估了方法在不同场景下的适用性和局限性。,计算机视觉,17670,2022,张伟 等,AAAI
paper_zh_0008,向量数据库技术选型与实践（扩展研究 41）,向量数据库技术选型与实践。本研究在更大规模数据集上进行了额外实验验证，提供了理论分析补充。系统性评估了方法在不同场景下的适用性和局限性。,自然语言处理,6068,2023,陈晨 等,ACL 中文研讨会
paper_zh_0009,检索增强生成企业智能客服应用（扩展研究 28）,检索增强生成企业智能客服应用。本研究在更大规模数据集上进行了额外实验验证，提供了理论分析补充。系统性评估了方法在不同场景下的适用性和局限性。,机器学习,10962,2023,赵磊 等,NeurIPS
paper_zh_0010,检索增强生成企业智能客服应用（扩展研究 16）,检索增强生成企业智能客服应用。本研究在更大规模数据集上进行了额外实验验证，提供了理论分析补充。系统性评估了方法在不同场景下的适用性和局限性。,机器学习,7297,2023,李明 等,NeurIPS
paper_zh_0011,基于图神经网络的推荐系统（扩展研究 34）,基于图神经网络的推荐系统。本研究在更大规模数据集上进行了额外实验验证，提供了理论分析补充。系统性评估了方法在不同场景下的适用性和局限性。,计算机视觉,4363,2023,王强 等,AAAI
paper_zh_0012,基于图神经网络的推荐系统（扩展研究 23）,基于图神经网络的推荐系统。本研究在更大规模数据集上进行了额外实验验证，提供了理论分析补充。系统性评估了方法在不同场景下的适用性和局限性。,数据系统,9543,2022,孙鹏 等,NeurIPS
paper_zh_0013,代码生成与大语言模型（扩展研究 5）,代码生成与大语言模型。本研究在更大规模数据集上进行了额外实验验证，提供了理论分析补充。系统性评估了方法在不同场景下的适用性和局限性。,自然语言处理,15050,2022,孙鹏 等,数据挖掘与知识发现
paper_zh_0014,分布式训练系统优化策略（扩展研究 5）,分布式训练系统优化策略。本研究在更大规模数据集上进行了额外实验验证，提供了理论分析补充。系统性评估了方法在不同场景下的适用性和局限性。,数据系统,6358,2023,赵磊 等,中国计算机大会
paper_zh_0015,大语言模型知识图谱构建综述（扩展研究 24）,大语言模型知识图谱构建综述。本研究在更大规模数据集上进行了额外实验验证，提供了理论分析补充。系统性评估了方法在不同场景下的适用性和局限性。,机器学习,16260,2024,孙鹏 等,自然语言处理前沿
paper_zh_0016,大语言模型知识图谱构建综述（扩展研究 29）,大语言模型知识图谱构建综述。本研究在更大规模数据集上进行了额外实验验证，提供了理论分析补充。系统性评估了方法在不同场景下的适用性和局限性。,数据系统,13487,2022,赵磊 等,NeurIPS
paper_zh_0017,知识蒸馏模型压缩技术（扩展研究 6）,知识蒸馏模型压缩技术。本研究在更大规模数据集上进行了额外实验验证，提供了理论分析补充。系统性评估了方法在不同场景下的适用性和局限性。,机器学习,6913,2022,吴昊 等,中国计算机大会
paper_zh_0018,联邦学习隐私保护技术（扩展研究 46）,联邦学习隐私保护技术。本研究在更大规模数据集上进行了额外实验验证，提供了理论分析补充。系统性评估了方法在不同场景下的适用性和局限性。,数据系统,13811,2022,王强 等,ACL 中文研讨会
paper_zh_0019,知识蒸馏模型压缩技术（扩展研究 14）,知识蒸馏模型压缩技术。本研究在更大规模数据集上进行了额外实验验证，提供了理论分析补充。系统性评估了方法在不同场景下的适用性和局限性。,计算机视觉,13410,2022,刘洋 等,中国计算机大会
paper_zh_0020,自监督学习前沿进展（扩展研究 25）,自监督学习前沿进展。本研究在更大规模数据集上进行了额外实验验证，提供了理论分析补充。系统性评估了方法在不同场景下的适用性和局限性。,强化学习,8466,2024,陈晨 等,数据挖掘与知识发现
paper_zh_0021,分布式训练系统优化策略（扩展研究 22）,分布式训练系统优化策略。本研究在更大规模数据集上进行了额外实验验证，提供了理论分析补充。系统性评估了方法在不同场景下的适用性和局限性。,图机器学习,5341,2023,赵磊 等,NeurIPS
paper_zh_0022,代码生成与大语言模型（扩展研究 30）,代码生成与大语言模型。本研究在更大规模数据集上进行了额外实验验证，提供了理论分析补充。系统性评估了方法在不同场景下的适用性和局限性。,机器学习,13530,2023,刘洋 等,ACL 中文研讨会
paper_zh_0023,分布式训练系统优化策略（扩展研究 35）,分布式训练系统优化策略。本研究在更大规模数据集上进行了额外实验验证，提供了理论分析补充。系统性评估了方法在不同场景下的适用性和局限性。,机器学习,7722,2022,王强 等,AAAI
paper_zh_0024,深度学习在医疗影像中的应用（扩展研究 45）,深度学习在医疗影像中的应用。本研究在更大规模数据集上进行了额外实验验证，提供了理论分析补充。系统性评估了方法在不同场景下的适用性和局限性。,自然语言处理,8342,2023,吴昊 等,人工智能学报
paper_zh_0025,时间序列异常检测方法对比（扩展研究 45）,时间序列异常检测方法对比。本研究在更大规模数据集上进行了额外实验验证，提供了理论分析补充。系统性评估了方法在不同场景下的适用性和局限性。,计算机视觉,9421,2024,李明 等,自然语言处理前沿
paper_zh_0026,检索增强生成企业智能客服应用（扩展研究 48）,检索增强生成企业智能客服应用。本研究在更大规模数据集上进行了额外实验验证，提供了理论分析补充。系统性评估了方法在不同场景下的适用性和局限性。,机器学习,4565,2023,李明 等,人工智能学报
paper_zh_0027,代码生成与大语言模型（扩展研究 6）,代码生成与大语言模型。本研究在更大规模数据集上进行了额外实验验证，提供了理论分析补充。系统性评估了方法在不同场景下的适用性和局限性。,强化学习,9291,2024,陈晨 等,自然语言处理前沿
paper_zh_0028,大语言模型知识图谱构建综述（扩展研究 22）,大语言模型知识图谱构建综述。本研究在更大规模数据集上进行了额外实验验证，提供了理论分析补充。系统性评估了方法在不同场景下的适用性和局限性。,图机器学习,5614,2022,郑宇 等,ACL 中文研讨会
paper_zh_0029,中文文本分类与情感分析综述（扩展研究 27）,中文文本分类与情感分析综述。本研究在更大规模数据集上进行了额外实验验证，提供了理论分析补充。系统性评估了方法在不同场景下的适用性和局限性。,自然语言处理,16692,2023,刘洋 等,ACL 中文研讨会
paper_zh_0030,Apache Arrow 列式内存格式优化研究（扩展研究 50）,Apache Arrow 列式内存格式优化研究。本研究在更大规模数据集上进行了额外实验验证，提供了理论分析补充。系统性评估了方法在不同场景下的适用性和局限性。,数据系统,7901,2022,赵磊 等,NeurIPS
paper_zh_0031,知识蒸馏模型压缩技术（扩展研究 25）,知识蒸馏模型压缩技术。本研究在更大规模数据集上进行了额外实验验证，提供了理论分析补充。系统性评估了方法在不同场景下的适用性和局限性。,强化学习,15467,2023,刘洋 等,NeurIPS
paper_zh_0032,自监督学习前沿进展（扩展研究 5）,自监督学习前沿进展。本研究在更大规模数据集上进行了额外实验验证，提供了理论分析补充。系统性评估了方法在不同场景下的适用性和局限性。,强化学习,4047,2024,吴昊 等,AAAI
paper_zh_0033,深度学习在医疗影像中的应用（扩展研究 18）,深度学习在医疗影像中的应用。本研究在更大规模数据集上进行了额外实验验证，提供了理论分析补充。系统性评估了方法在不同场景下的适用性和局限性。,机器学习,7822,2023,周涛 等,中国计算机大会
paper_zh_0034,时间序列异常检测方法对比（扩展研究 11）,时间序列异常检测方法对比。本研究在更大规模数据集上进行了额外实验验证，提供了理论分析补充。系统性评估了方法在不同场景下的适用性和局限性。,强化学习,5571,2023,张伟 等,人工智能学报
paper_zh_0035,中文文本分类与情感分析综述（扩展研究 30）,中文文本分类与情感分析综述。本研究在更大规模数据集上进行了额外实验验证，提供了理论分析补充。系统性评估了方法在不同场景下的适用性和局限性。,强化学习,5007,2022,王强 等,AAAI
paper_zh_0036,分布式训练系统优化策略（扩展研究 41）,分布式训练系统优化策略。本研究在更大规模数据集上进行了额外实验验证，提供了理论分析补充。系统性评估了方法在不同场景下的适用性和局限性。,强化学习,6779,2024,刘洋 等,人工智能学报
paper_zh_0037,代码生成与大语言模型（扩展研究 42）,代码生成与大语言模型。本研究在更大规模数据集上进行了额外实验验证，提供了理论分析补充。系统性评估了方法在不同场景下的适用性和局限性。,自然语言处理,17430,2024,周涛 等,中国计算机大会
paper_zh_0038,时间序列异常检测方法对比（扩展研究 36）,时间序列异常检测方法对比。本研究在更大规模数据集上进行了额外实验验证，提供了理论分析补充。系统性评估了方法在不同场景下的适用性和局限性。,数据系统,10129,2023,吴昊 等,中国计算机大会
paper_zh_0039,深度学习在医疗影像中的应用（扩展研究 40）,深度学习在医疗影像中的应用。本研究在更大规模数据集上进行了额外实验验证，提供了理论分析补充。系统性评估了方法在不同场景下的适用性和局限性。,数据系统,11281,2023,张伟 等,AAAI
paper_zh_0040,向量数据库技术选型与实践（扩展研究 33）,向量数据库技术选型与实践。本研究在更大规模数据集上进行了额外实验验证，提供了理论分析补充。系统性评估了方法在不同场景下的适用性和局限性。,图机器学习,16115,2022,郑宇 等,ACL 中文研讨会
paper_zh_0041,知识蒸馏模型压缩技术（扩展研究 46）,知识蒸馏模型压缩技术。本研究在更大规模数据集上进行了额外实验验证，提供了理论分析补充。系统性评估了方法在不同场景下的适用性和局限性。,机器学习,5133,2022,赵磊 等,数据挖掘与知识发现
paper_zh_0042,代码生成与大语言模型（扩展研究 39）,代码生成与大语言模型。本研究在更大规模数据集上进行了额外实验验证，提供了理论分析补充。系统性评估了方法在不同场景下的适用性和局限性。,计算机视觉,5375,2023,郑宇 等,人工智能学报
paper_zh_0043,Apache Arrow 列式内存格式优化研究（扩展研究 17）,Apache Arrow 列式内存格式优化研究。本研究在更大规模数据集上进行了额外实验验证，提供了理论分析补充。系统性评估了方法在不同场景下的适用性和局限性。,图机器学习,15755,2024,李明 等,NeurIPS
paper_zh_0044,Apache Arrow 列式内存格式优化研究（扩展研究 26）,Apache Arrow 列式内存格式优化研究。本研究在更大规模数据集上进行了额外实验验证，提供了理论分析补充。系统性评估了方法在不同场景下的适用性和局限性。,图机器学习,8710,2024,周涛 等,中国计算机大会
paper_zh_0045,因果推断在推荐系统中的应用（扩展研究 47）,因果推断在推荐系统中的应用。本研究在更大规模数据集上进行了额外实验验证，提供了理论分析补充。系统性评估了方法在不同场景下的适用性和局限性。,图机器学习,17379,2023,陈晨 等,中国计算机大会
paper_zh_0046,基于图神经网络的推荐系统（扩展研究 47）,基于图神经网络的推荐系统。本研究在更大规模数据集上进行了额外实验验证，提供了理论分析补充。系统性评估了方法在不同场景下的适用性和局限性。,数据系统,15753,2024,陈晨 等,人工智能学报
paper_zh_0047,自监督学习前沿进展（扩展研究 11）,自监督学习前沿进展。本研究在更大规模数据集上进行了额外实验验证，提供了理论分析补充。系统性评估了方法在不同场景下的适用性和局限性。,计算机视觉,16124,2023,郑宇 等,ACL 中文研讨会
paper_zh_0048,联邦学习隐私保护技术（扩展研究 3）,联邦学习隐私保护技术。本研究在更大规模数据集上进行了额外实验验证，提供了理论分析补充。系统性评估了方法在不同场景下的适用性和局限性。,计算机视觉,14878,2023,孙鹏 等,人工智能学报
paper_zh_0049,大语言模型知识图谱构建综述（扩展研究 38）,大语言模型知识图谱构建综述。本研究在更大规模数据集上进行了额外实验验证，提供了理论分析补充。系统性评估了方法在不同场景下的适用性和局限性。,计算机视觉,8275,2023,王强 等,人工智能学报
paper_zh_0050,联邦学习隐私保护技术（扩展研究 36）,联邦学习隐私保护技术。本研究在更大规模数据集上进行了额外实验验证，提供了理论分析补充。系统性评估了方法在不同场景下的适用性和局限性。,机器学习,14617,2023,孙鹏 等,ACL 中文研讨会
paper_zh_0051,分布式训练系统优化策略（扩展研究 13）,分布式训练系统优化策略。本研究在更大规模数据集上进行了额外实验验证，提供了理论分析补充。系统性评估了方法在不同场景下的适用性和局限性。,强化学习,11375,2022,郑宇 等,数据挖掘与知识发现
paper_zh_0052,深度学习在医疗影像中的应用（扩展研究 3）,深度学习在医疗影像中的应用。本研究在更大规模数据集上进行了额外实验验证，提供了理论分析补充。系统性评估了方法在不同场景下的适用性和局限性。,自然语言处理,16453,2022,孙鹏 等,人工智能学报
paper_zh_0053,自监督学习前沿进展（扩展研究 6）,自监督学习前沿进展。本研究在更大规模数据集上进行了额外实验验证，提供了理论分析补充。系统性评估了方法在不同场景下的适用性和局限性。,强化学习,5987,2024,孙鹏 等,自然语言处理前沿
paper_zh_0054,分布式训练系统优化策略（扩展研究 9）,分布式训练系统优化策略。本研究在更大规模数据集上进行了额外实验验证，提供了理论分析补充。系统性评估了方法在不同场景下的适用性和局限性。,机器学习,4432,2024,刘洋 等,NeurIPS
paper_zh_0055,因果推断在推荐系统中的应用（扩展研究 43）,因果推断在推荐系统中的应用。本研究在更大规模数据集上进行了额外实验验证，提供了理论分析补充。系统性评估了方法在不同场景下的适用性和局限性。,机器学习,5114,2024,陈晨 等,人工智能学报
paper_zh_0056,大语言模型知识图谱构建综述（扩展研究 37）,大语言模型知识图谱构建综述。本研究在更大规模数据集上进行了额外实验验证，提供了理论分析补充。系统性评估了方法在不同场景下的适用性和局限性。,图机器学习,5101,2024,周涛 等,中国计算机大会
paper_zh_0057,自监督学习前沿进展（扩展研究 14）,自监督学习前沿进展。本研究在更大规模数据集上进行了额外实验验证，提供了理论分析补充。系统性评估了方法在不同场景下的适用性和局限性。,机器学习,6227,2023,孙鹏 等,数据挖掘与知识发现
paper_zh_0058,多模态预训练模型进展（扩展研究 3）,多模态预训练模型进展。本研究在更大规模数据集上进行了额外实验验证，提供了理论分析补充。系统性评估了方法在不同场景下的适用性和局限性。,自然语言处理,9647,2024,吴昊 等,NeurIPS
paper_zh_0059,自监督学习前沿进展（扩展研究 33）,自监督学习前沿进展。本研究在更大规模数据集上进行了额外实验验证，提供了理论分析补充。系统性评估了方法在不同场景下的适用性和局限性。,数据系统,17945,2023,张伟 等,中国计算机大会
paper_zh_0060,时间序列异常检测方法对比（扩展研究 39）,时间序列异常检测方法对比。本研究在更大规模数据集上进行了额外实验验证，提供了理论分析补充。系统性评估了方法在不同场景下的适用性和局限性。,计算机视觉,11604,2022,孙鹏 等,自然语言处理前沿
paper_zh_0061,代码生成与大语言模型（扩展研究 8）,代码生成与大语言模型。本研究在更大规模数据集上进行了额外实验验证，提供了理论分析补充。系统性评估了方法在不同场景下的适用性和局限性。,自然语言处理,5723,2024,赵磊 等,NeurIPS
paper_zh_0062,时间序列异常检测方法对比（扩展研究 49）,时间序列异常检测方法对比。本研究在更大规模数据集上进行了额外实验验证，提供了理论分析补充。系统性评估了方法在不同场景下的适用性和局限性。,强化学习,13828,2023,陈晨 等,NeurIPS
paper_zh_0063,联邦学习隐私保护技术（扩展研究 30）,联邦学习隐私保护技术。本研究在更大规模数据集上进行了额外实验验证，提供了理论分析补充。系统性评估了方法在不同场景下的适用性和局限性。,机器学习,7314,2024,赵磊 等,自然语言处理前沿
paper_zh_0064,深度学习在医疗影像中的应用（扩展研究 46）,深度学习在医疗影像中的应用。本研究在更大规模数据集上进行了额外实验验证，提供了理论分析补充。系统性评估了方法在不同场景下的适用性和局限性。,计算机视觉,17077,2024,李明 等,自然语言处理前沿
paper_zh_0065,检索增强生成企业智能客服应用（扩展研究 4）,检索增强生成企业智能客服应用。本研究在更大规模数据集上进行了额外实验验证，提供了理论分析补充。系统性评估了方法在不同场景下的适用性和局限性。,自然语言处理,9801,2022,刘洋 等,AAAI
paper_zh_0066,Apache Arrow 列式内存格式优化研究（扩展研究 48）,Apache Arrow 列式内存格式优化研究。本研究在更大规模数据集上进行了额外实验验证，提供了理论分析补充。系统性评估了方法在不同场景下的适用性和局限性。,数据系统,17662,2024,周涛 等,人工智能学报
paper_zh_0067,分布式训练系统优化策略（扩展研究 35）,分布式训练系统优化策略。本研究在更大规模数据集上进行了额外实验验证，提供了理论分析补充。系统性评估了方法在不同场景下的适用性和局限性。,计算机视觉,16819,2024,郑宇 等,ACL 中文研讨会
paper_zh_0068,大语言模型知识图谱构建综述（扩展研究 5）,大语言模型知识图谱构建综述。本研究在更大规模数据集上进行了额外实验验证，提供了理论分析补充。系统性评估了方法在不同场景下的适用性和局限性。,计算机视觉,12126,2023,李明 等,NeurIPS
paper_zh_0069,分布式训练系统优化策略（扩展研究 19）,分布式训练系统优化策略。本研究在更大规模数据集上进行了额外实验验证，提供了理论分析补充。系统性评估了方法在不同场景下的适用性和局限性。,数据系统,17278,2024,吴昊 等,NeurIPS
paper_zh_0070,联邦学习隐私保护技术（扩展研究 14）,联邦学习隐私保护技术。本研究在更大规模数据集上进行了额外实验验证，提供了理论分析补充。系统性评估了方法在不同场景下的适用性和局限性。,强化学习,9949,2024,李明 等,自然语言处理前沿
paper_zh_0071,分布式训练系统优化策略（扩展研究 9）,分布式训练系统优化策略。本研究在更大规模数据集上进行了额外实验验证，提供了理论分析补充。系统性评估了方法在不同场景下的适用性和局限性。,自然语言处理,12029,2024,周涛 等,AAAI
paper_zh_0072,联邦学习隐私保护技术（扩展研究 20）,联邦学习隐私保护技术。本研究在更大规模数据集上进行了额外实验验证，提供了理论分析补充。系统性评估了方法在不同场景下的适用性和局限性。,图机器学习,12177,2023,郑宇 等,ACL 中文研讨会
paper_zh_0073,自监督学习前沿进展（扩展研究 41）,自监督学习前沿进展。本研究在更大规模数据集上进行了额外实验验证，提供了理论分析补充。系统性评估了方法在不同场景下的适用性和局限性。,计算机视觉,14206,2024,赵磊 等,数据挖掘与知识发现
paper_zh_0074,中文文本分类与情感分析综述（扩展研究 15）,中文文本分类与情感分析综述。本研究在更大规模数据集上进行了额外实验验证，提供了理论分析补充。系统性评估了方法在不同场景下的适用性和局限性。,图机器学习,12798,2022,赵磊 等,NeurIPS
paper_zh_0075,因果推断在推荐系统中的应用（扩展研究 39）,因果推断在推荐系统中的应用。本研究在更大规模数据集上进行了额外实验验证，提供了理论分析补充。系统性评估了方法在不同场景下的适用性和局限性。,图机器学习,11695,2022,王强 等,AAAI
paper_zh_0076,知识蒸馏模型压缩技术（扩展研究 4）,知识蒸馏模型压缩技术。本研究在更大规模数据集上进行了额外实验验证，提供了理论分析补充。系统性评估了方法在不同场景下的适用性和局限性。,自然语言处理,17801,2022,郑宇 等,ACL 中文研讨会
paper_zh_0077,分布式训练系统优化策略（扩展研究 26）,分布式训练系统优化策略。本研究在更大规模数据集上进行了额外实验验证，提供了理论分析补充。系统性评估了方法在不同场景下的适用性和局限性。,机器学习,8164,2023,郑宇 等,中国计算机大会
paper_zh_0078,深度学习在医疗影像中的应用（扩展研究 33）,深度学习在医疗影像中的应用。本研究在更大规模数据集上进行了额外实验验证，提供了理论分析补充。系统性评估了方法在不同场景下的适用性和局限性。,自然语言处理,5833,2024,李明 等,自然语言处理前沿
paper_zh_0079,因果推断在推荐系统中的应用（扩展研究 38）,因果推断在推荐系统中的应用。本研究在更大规模数据集上进行了额外实验验证，提供了理论分析补充。系统性评估了方法在不同场景下的适用性和局限性。,数据系统,7099,2022,赵磊 等,ACL 中文研讨会
paper_zh_0080,大语言模型知识图谱构建综述（扩展研究 15）,大语言模型知识图谱构建综述。本研究在更大规模数据集上进行了额外实验验证，提供了理论分析补充。系统性评估了方法在不同场景下的适用性和局限性。,强化学习,14274,2022,刘洋 等,人工智能学报
paper_zh_0081,联邦学习隐私保护技术（扩展研究 37）,联邦学习隐私保护技术。本研究在更大规模数据集上进行了额外实验验证，提供了理论分析补充。系统性评估了方法在不同场景下的适用性和局限性。,图机器学习,7551,2022,赵磊 等,数据挖掘与知识发现
paper_zh_0082,多模态预训练模型进展（扩展研究 10）,多模态预训练模型进展。本研究在更大规模数据集上进行了额外实验验证，提供了理论分析补充。系统性评估了方法在不同场景下的适用性和局限性。,数据系统,12447,2024,周涛 等,AAAI
paper_zh_0083,Apache Arrow 列式内存格式优化研究（扩展研究 23）,Apache Arrow 列式内存格式优化研究。本研究在更大规模数据集上进行了额外实验验证，提供了理论分析补充。系统性评估了方法在不同场景下的适用性和局限性。,自然语言处理,17813,2023,王强 等,NeurIPS
paper_zh_0084,检索增强生成企业智能客服应用（扩展研究 5）,检索增强生成企业智能客服应用。本研究在更大规模数据集上进行了额外实验验证，提供了理论分析补充。系统性评估了方法在不同场景下的适用性和局限性。,强化学习,6224,2024,陈晨 等,人工智能学报
paper_zh_0085,联邦学习隐私保护技术（扩展研究 18）,联邦学习隐私保护技术。本研究在更大规模数据集上进行了额外实验验证，提供了理论分析补充。系统性评估了方法在不同场景下的适用性和局限性。,图机器学习,11865,2024,李明 等,中国计算机大会
paper_zh_0086,多模态预训练模型进展（扩展研究 12）,多模态预训练模型进展。本研究在更大规模数据集上进行了额外实验验证，提供了理论分析补充。系统性评估了方法在不同场景下的适用性和局限性。,自然语言处理,10606,2024,郑宇 等,ACL 中文研讨会
paper_zh_0087,分布式训练系统优化策略（扩展研究 25）,分布式训练系统优化策略。本研究在更大规模数据集上进行了额外实验验证，提供了理论分析补充。系统性评估了方法在不同场景下的适用性和局限性。,计算机视觉,6002,2023,刘洋 等,自然语言处理前沿
paper_zh_0088,知识蒸馏模型压缩技术（扩展研究 10）,知识蒸馏模型压缩技术。本研究在更大规模数据集上进行了额外实验验证，提供了理论分析补充。系统性评估了方法在不同场景下的适用性和局限性。,自然语言处理,6251,2024,刘洋 等,中国计算机大会
paper_zh_0089,时间序列异常检测方法对比（扩展研究 31）,时间序列异常检测方法对比。本研究在更大规模数据集上进行了额外实验验证，提供了理论分析补充。系统性评估了方法在不同场景下的适用性和局限性。,数据系统,12367,2023,赵磊 等,中国计算机大会
paper_zh_0090,因果推断在推荐系统中的应用（扩展研究 43）,因果推断在推荐系统中的应用。本研究在更大规模数据集上进行了额外实验验证，提供了理论分析补充。系统性评估了方法在不同场景下的适用性和局限性。,自然语言处理,8536,2024,周涛 等,AAAI
paper_zh_0091,时间序列异常检测方法对比（扩展研究 5）,时间序列异常检测方法对比。本研究在更大规模数据集上进行了额外实验验证，提供了理论分析补充。系统性评估了方法在不同场景下的适用性和局限性。,强化学习,9181,2023,周涛 等,数据挖掘与知识发现
paper_zh_0092,联邦学习隐私保护技术（扩展研究 48）,联邦学习隐私保护技术。本研究在更大规模数据集上进行了额外实验验证，提供了理论分析补充。系统性评估了方法在不同场景下的适用性和局限性。,强化学习,11905,2024,李明 等,NeurIPS
paper_zh_0093,Apache Arrow 列式内存格式优化研究（扩展研究 6）,Apache Arrow 列式内存格式优化研究。本研究在更大规模数据集上进行了额外实验验证，提供了理论分析补充。系统性评估了方法在不同场景下的适用性和局限性。,计算机视觉,6056,2024,陈晨 等,ACL 中文研讨会
paper_zh_0094,时间序列异常检测方法对比（扩展研究 22）,时间序列异常检测方法对比。本研究在更大规模数据集上进行了额外实验验证，提供了理论分析补充。系统性评估了方法在不同场景下的适用性和局限性。,计算机视觉,7381,2023,刘洋 等,自然语言处理前沿
paper_zh_0095,向量数据库技术选型与实践（扩展研究 6）,向量数据库技术选型与实践。本研究在更大规模数据集上进行了额外实验验证，提供了理论分析补充。系统性评估了方法在不同场景下的适用性和局限性。,强化学习,15303,2023,周涛 等,AAAI
paper_zh_0096,自监督学习前沿进展（扩展研究 39）,自监督学习前沿进展。本研究在更大规模数据集上进行了额外实验验证，提供了理论分析补充。系统性评估了方法在不同场景下的适用性和局限性。,机器学习,6305,2023,王强 等,中国计算机大会
paper_zh_0097,中文文本分类与情感分析综述（扩展研究 34）,中文文本分类与情感分析综述。本研究在更大规模数据集上进行了额外实验验证，提供了理论分析补充。系统性评估了方法在不同场景下的适用性和局限性。,图机器学习,4567,2024,刘洋 等,NeurIPS
paper_zh_0098,分布式训练系统优化策略（扩展研究 25）,分布式训练系统优化策略。本研究在更大规模数据集上进行了额外实验验证，提供了理论分析补充。系统性评估了方法在不同场景下的适用性和局限性。,图机器学习,11384,2024,赵磊 等,NeurIPS
paper_zh_0099,代码生成与大语言模型（扩展研究 41）,代码生成与大语言模型。本研究在更大规模数据集上进行了额外实验验证，提供了理论分析补充。系统性评估了方法在不同场景下的适用性和局限性。,自然语言处理,8203,2022,刘洋 等,自然语言处理前沿
paper_zh_0100,深度学习在医疗影像中的应用（扩展研究 36）,深度学习在医疗影像中的应用。本研究在更大规模数据集上进行了额外实验验证，提供了理论分析补充。系统性评估了方法在不同场景下的适用性和局限性。,机器学习,10186,2023,张伟 等,人工智能学报
paper_zh_0101,多模态预训练模型进展（扩展研究 22）,多模态预训练模型进展。本研究在更大规模数据集上进行了额外实验验证，提供了理论分析补充。系统性评估了方法在不同场景下的适用性和局限性。,图机器学习,9316,2022,孙鹏 等,自然语言处理前沿
paper_zh_0102,Apache Arrow 列式内存格式优化研究（扩展研究 39）,Apache Arrow 列式内存格式优化研究。本研究在更大规模数据集上进行了额外实验验证，提供了理论分析补充。系统性评估了方法在不同场景下的适用性和局限性。,计算机视觉,14538,2023,陈晨 等,人工智能学报
paper_zh_0103,大语言模型知识图谱构建综述（扩展研究 47）,大语言模型知识图谱构建综述。本研究在更大规模数据集上进行了额外实验验证，提供了理论分析补充。系统性评估了方法在不同场景下的适用性和局限性。,机器学习,5105,2022,陈晨 等,ACL 中文研讨会
paper_zh_0104,知识蒸馏模型压缩技术（扩展研究 49）,知识蒸馏模型压缩技术。本研究在更大规模数据集上进行了额外实验验证，提供了理论分析补充。系统性评估了方法在不同场景下的适用性和局限性。,数据系统,13715,2023,陈晨 等,自然语言处理前沿
paper_zh_0105,基于图神经网络的推荐系统（扩展研究 19）,基于图神经网络的推荐系统。本研究在更大规模数据集上进行了额外实验验证，提供了理论分析补充。系统性评估了方法在不同场景下的适用性和局限性。,自然语言处理,17787,2024,王强 等,中国计算机大会
paper_zh_0106,向量数据库技术选型与实践（扩展研究 35）,向量数据库技术选型与实践。本研究在更大规模数据集上进行了额外实验验证，提供了理论分析补充。系统性评估了方法在不同场景下的适用性和局限性。,机器学习,17102,2022,吴昊 等,自然语言处理前沿
paper_zh_0107,因果推断在推荐系统中的应用（扩展研究 28）,因果推断在推荐系统中的应用。本研究在更大规模数据集上进行了额外实验验证，提供了理论分析补充。系统性评估了方法在不同场景下的适用性和局限性。,强化学习,14015,2024,李明 等,ACL 中文研讨会
paper_zh_0108,知识蒸馏模型压缩技术（扩展研究 42）,知识蒸馏模型压缩技术。本研究在更大规模数据集上进行了额外实验验证，提供了理论分析补充。系统性评估了方法在不同场景下的适用性和局限性。,自然语言处理,13604,2022,赵磊 等,NeurIPS
paper_zh_0109,Apache Arrow 列式内存格式优化研究（扩展研究 35）,Apache Arrow 列式内存格式优化研究。本研究在更大规模数据集上进行了额外实验验证，提供了理论分析补充。系统性评估了方法在不同场景下的适用性和局限性。,计算机视觉,9024,2024,李明 等,中国计算机大会
paper_zh_0110,基于图神经网络的推荐系统（扩展研究 47）,基于图神经网络的推荐系统。本研究在更大规模数据集上进行了额外实验验证，提供了理论分析补充。系统性评估了方法在不同场景下的适用性和局限性。,机器学习,12183,2022,刘洋 等,AAAI
paper_zh_0111,基于图神经网络的推荐系统（扩展研究 27）,基于图神经网络的推荐系统。本研究在更大规模数据集上进行了额外实验验证，提供了理论分析补充。系统性评估了方法在不同场景下的适用性和局限性。,数据系统,4871,2024,李明 等,人工智能学报
paper_zh_0112,中文文本分类与情感分析综述（扩展研究 45）,中文文本分类与情感分析综述。本研究在更大规模数据集上进行了额外实验验证，提供了理论分析补充。系统性评估了方法在不同场景下的适用性和局限性。,数据系统,6643,2023,王强 等,AAAI
paper_zh_0113,代码生成与大语言模型（扩展研究 22）,代码生成与大语言模型。本研究在更大规模数据集上进行了额外实验验证，提供了理论分析补充。系统性评估了方法在不同场景下的适用性和局限性。,计算机视觉,8650,2023,王强 等,中国计算机大会
paper_zh_0114,向量数据库技术选型与实践（扩展研究 16）,向量数据库技术选型与实践。本研究在更大规模数据集上进行了额外实验验证，提供了理论分析补充。系统性评估了方法在不同场景下的适用性和局限性。,自然语言处理,9598,2024,陈晨 等,人工智能学报
paper_zh_0115,因果推断在推荐系统中的应用（扩展研究 47）,因果推断在推荐系统中的应用。本研究在更大规模数据集上进行了额外实验验证，提供了理论分析补充。系统性评估了方法在不同场景下的适用性和局限性。,数据系统,15399,2022,王强 等,数据挖掘与知识发现
paper_zh_0116,因果推断在推荐系统中的应用（扩展研究 20）,因果推断在推荐系统中的应用。本研究在更大规模数据集上进行了额外实验验证，提供了理论分析补充。系统性评估了方法在不同场景下的适用性和局限性。,自然语言处理,4064,2023,李明 等,人工智能学报
paper_zh_0117,Apache Arrow 列式内存格式优化研究（扩展研究 44）,Apache Arrow 列式内存格式优化研究。本研究在更大规模数据集上进行了额外实验验证，提供了理论分析补充。系统性评估了方法在不同场景下的适用性和局限性。,数据系统,8834,2022,陈晨 等,NeurIPS
paper_zh_0118,代码生成与大语言模型（扩展研究 5）,代码生成与大语言模型。本研究在更大规模数据集上进行了额外实验验证，提供了理论分析补充。系统性评估了方法在不同场景下的适用性和局限性。,数据系统,17130,2024,赵磊 等,人工智能学报
paper_zh_0119,联邦学习隐私保护技术（扩展研究 45）,联邦学习隐私保护技术。本研究在更大规模数据集上进行了额外实验验证，提供了理论分析补充。系统性评估了方法在不同场景下的适用性和局限性。,计算机视觉,4812,2024,张伟 等,NeurIPS
paper_zh_0120,知识蒸馏模型压缩技术（扩展研究 17）,知识蒸馏模型压缩技术。本研究在更大规模数据集上进行了额外实验验证，提供了理论分析补充。系统性评估了方法在不同场景下的适用性和局限性。,机器学习,13350,2024,李明 等,中国计算机大会
paper_zh_0121,因果推断在推荐系统中的应用（扩展研究 24）,因果推断在推荐系统中的应用。本研究在更大规模数据集上进行了额外实验验证，提供了理论分析补充。系统性评估了方法在不同场景下的适用性和局限性。,数据系统,5775,2023,刘洋 等,AAAI
paper_zh_0122,向量数据库技术选型与实践（扩展研究 18）,向量数据库技术选型与实践。本研究在更大规模数据集上进行了额外实验验证，提供了理论分析补充。系统性评估了方法在不同场景下的适用性和局限性。,自然语言处理,14361,2024,李明 等,数据挖掘与知识发现
paper_zh_0123,大语言模型知识图谱构建综述（扩展研究 12）,大语言模型知识图谱构建综述。本研究在更大规模数据集上进行了额外实验验证，提供了理论分析补充。系统性评估了方法在不同场景下的适用性和局限性。,自然语言处理,6710,2023,李明 等,NeurIPS
paper_zh_0124,深度学习在医疗影像中的应用（扩展研究 6）,深度学习在医疗影像中的应用。本研究在更大规模数据集上进行了额外实验验证，提供了理论分析补充。系统性评估了方法在不同场景下的适用性和局限性。,计算机视觉,10274,2024,张伟 等,自然语言处理前沿
paper_zh_0125,深度学习在医疗影像中的应用（扩展研究 18）,深度学习在医疗影像中的应用。本研究在更大规模数据集上进行了额外实验验证，提供了理论分析补充。系统性评估了方法在不同场景下的适用性和局限性。,计算机视觉,14886,2022,吴昊 等,数据挖掘与知识发现
paper_zh_0126,中文文本分类与情感分析综述（扩展研究 9）,中文文本分类与情感分析综述。本研究在更大规模数据集上进行了额外实验验证，提供了理论分析补充。系统性评估了方法在不同场景下的适用性和局限性。,计算机视觉,7141,2022,刘洋 等,NeurIPS
paper_zh_0127,基于图神经网络的推荐系统（扩展研究 48）,基于图神经网络的推荐系统。本研究在更大规模数据集上进行了额外实验验证，提供了理论分析补充。系统性评估了方法在不同场景下的适用性和局限性。,数据系统,17166,2022,王强 等,自然语言处理前沿
paper_zh_0128,因果推断在推荐系统中的应用（扩展研究 6）,因果推断在推荐系统中的应用。本研究在更大规模数据集上进行了额外实验验证，提供了理论分析补充。系统性评估了方法在不同场景下的适用性和局限性。,计算机视觉,9386,2023,赵磊 等,自然语言处理前沿
paper_zh_0129,联邦学习隐私保护技术（扩展研究 43）,联邦学习隐私保护技术。本研究在更大规模数据集上进行了额外实验验证，提供了理论分析补充。系统性评估了方法在不同场景下的适用性和局限性。,机器学习,14037,2022,赵磊 等,数据挖掘与知识发现
paper_zh_0130,多模态预训练模型进展（扩展研究 12）,多模态预训练模型进展。本研究在更大规模数据集上进行了额外实验验证，提供了理论分析补充。系统性评估了方法在不同场景下的适用性和局限性。,数据系统,13270,2022,赵磊 等,ACL 中文研讨会
paper_zh_0131,知识蒸馏模型压缩技术（扩展研究 21）,知识蒸馏模型压缩技术。本研究在更大规模数据集上进行了额外实验验证，提供了理论分析补充。系统性评估了方法在不同场景下的适用性和局限性。,强化学习,13709,2022,王强 等,中国计算机大会
paper_zh_0132,自监督学习前沿进展（扩展研究 9）,自监督学习前沿进展。本研究在更大规模数据集上进行了额外实验验证，提供了理论分析补充。系统性评估了方法在不同场景下的适用性和局限性。,图机器学习,14536,2024,李明 等,数据挖掘与知识发现
paper_zh_0133,检索增强生成企业智能客服应用（扩展研究 38）,检索增强生成企业智能客服应用。本研究在更大规模数据集上进行了额外实验验证，提供了理论分析补充。系统性评估了方法在不同场景下的适用性和局限性。,计算机视觉,13550,2024,陈晨 等,自然语言处理前沿
paper_zh_0134,中文文本分类与情感分析综述（扩展研究 9）,中文文本分类与情感分析综述。本研究在更大规模数据集上进行了额外实验验证，提供了理论分析补充。系统性评估了方法在不同场景下的适用性和局限性。,机器学习,8657,2022,李明 等,ACL 中文研讨会
paper_zh_0135,基于图神经网络的推荐系统（扩展研究 46）,基于图神经网络的推荐系统。本研究在更大规模数据集上进行了额外实验验证，提供了理论分析补充。系统性评估了方法在不同场景下的适用性和局限性。,图机器学习,15522,2023,郑宇 等,自然语言处理前沿
paper_zh_0136,因果推断在推荐系统中的应用（扩展研究 9）,因果推断在推荐系统中的应用。本研究在更大规模数据集上进行了额外实验验证，提供了理论分析补充。系统性评估了方法在不同场景下的适用性和局限性。,自然语言处理,8661,2022,孙鹏 等,AAAI
paper_zh_0137,大语言模型知识图谱构建综述（扩展研究 9）,大语言模型知识图谱构建综述。本研究在更大规模数据集上进行了额外实验验证，提供了理论分析补充。系统性评估了方法在不同场景下的适用性和局限性。,自然语言处理,17579,2022,张伟 等,中国计算机大会
paper_zh_0138,中文文本分类与情感分析综述（扩展研究 4）,中文文本分类与情感分析综述。本研究在更大规模数据集上进行了额外实验验证，提供了理论分析补充。系统性评估了方法在不同场景下的适用性和局限性。,数据系统,6492,2022,郑宇 等,自然语言处理前沿
paper_zh_0139,中文文本分类与情感分析综述（扩展研究 46）,中文文本分类与情感分析综述。本研究在更大规模数据集上进行了额外实验验证，提供了理论分析补充。系统性评估了方法在不同场景下的适用性和局限性。,强化学习,9033,2023,郑宇 等,自然语言处理前沿
paper_zh_0140,多模态预训练模型进展（扩展研究 27）,多模态预训练模型进展。本研究在更大规模数据集上进行了额外实验验证，提供了理论分析补充。系统性评估了方法在不同场景下的适用性和局限性。,图机器学习,10606,2023,郑宇 等,AAAI
paper_zh_0141,向量数据库技术选型与实践（扩展研究 46）,向量数据库技术选型与实践。本研究在更大规模数据集上进行了额外实验验证，提供了理论分析补充。系统性评估了方法在不同场景下的适用性和局限性。,图机器学习,12887,2022,周涛 等,ACL 中文研讨会
paper_zh_0142,向量数据库技术选型与实践（扩展研究 17）,向量数据库技术选型与实践。本研究在更大规模数据集上进行了额外实验验证，提供了理论分析补充。系统性评估了方法在不同场景下的适用性和局限性。,图机器学习,14847,2023,周涛 等,数据挖掘与知识发现
paper_zh_0143,因果推断在推荐系统中的应用（扩展研究 8）,因果推断在推荐系统中的应用。本研究在更大规模数据集上进行了额外实验验证，提供了理论分析补充。系统性评估了方法在不同场景下的适用性和局限性。,计算机视觉,10821,2023,陈晨 等,数据挖掘与知识发现
paper_zh_0144,因果推断在推荐系统中的应用（扩展研究 9）,因果推断在推荐系统中的应用。本研究在更大规模数据集上进行了额外实验验证，提供了理论分析补充。系统性评估了方法在不同场景下的适用性和局限性。,强化学习,9134,2022,王强 等,数据挖掘与知识发现
paper_zh_0145,多模态预训练模型进展（扩展研究 43）,多模态预训练模型进展。本研究在更大规模数据集上进行了额外实验验证，提供了理论分析补充。系统性评估了方法在不同场景下的适用性和局限性。,机器学习,4416,2022,李明 等,ACL 中文研讨会
paper_zh_0146,多模态预训练模型进展（扩展研究 22）,多模态预训练模型进展。本研究在更大规模数据集上进行了额外实验验证，提供了理论分析补充。系统性评估了方法在不同场景下的适用性和局限性。,机器学习,6251,2022,李明 等,AAAI
paper_zh_0147,自监督学习前沿进展（扩展研究 36）,自监督学习前沿进展。本研究在更大规模数据集上进行了额外实验验证，提供了理论分析补充。系统性评估了方法在不同场景下的适用性和局限性。,数据系统,16574,2022,刘洋 等,AAAI
paper_zh_0148,多模态预训练模型进展（扩展研究 18）,多模态预训练模型进展。本研究在更大规模数据集上进行了额外实验验证，提供了理论分析补充。系统性评估了方法在不同场景下的适用性和局限性。,自然语言处理,15718,2022,王强 等,ACL 中文研讨会
paper_zh_0149,代码生成与大语言模型（扩展研究 49）,代码生成与大语言模型。本研究在更大规模数据集上进行了额外实验验证，提供了理论分析补充。系统性评估了方法在不同场景下的适用性和局限性。,强化学习,8125,2023,王强 等,NeurIPS
paper_zh_0150,自监督学习前沿进展（扩展研究 7）,自监督学习前沿进展。本研究在更大规模数据集上进行了额外实验验证，提供了理论分析补充。系统性评估了方法在不同场景下的适用性和局限性。,数据系统,14317,2022,王强 等,中国计算机大会
paper_zh_0151,基于图神经网络的推荐系统（扩展研究 17）,基于图神经网络的推荐系统。本研究在更大规模数据集上进行了额外实验验证，提供了理论分析补充。系统性评估了方法在不同场景下的适用性和局限性。,自然语言处理,17681,2023,王强 等,ACL 中文研讨会
paper_zh_0152,深度学习在医疗影像中的应用（扩展研究 30）,深度学习在医疗影像中的应用。本研究在更大规模数据集上进行了额外实验验证，提供了理论分析补充。系统性评估了方法在不同场景下的适用性和局限性。,图机器学习,17104,2022,周涛 等,NeurIPS
paper_zh_0153,大语言模型知识图谱构建综述（扩展研究 21）,大语言模型知识图谱构建综述。本研究在更大规模数据集上进行了额外实验验证，提供了理论分析补充。系统性评估了方法在不同场景下的适用性和局限性。,数据系统,16660,2022,郑宇 等,数据挖掘与知识发现
paper_zh_0154,时间序列异常检测方法对比（扩展研究 42）,时间序列异常检测方法对比。本研究在更大规模数据集上进行了额外实验验证，提供了理论分析补充。系统性评估了方法在不同场景下的适用性和局限性。,自然语言处理,14831,2024,郑宇 等,人工智能学报
paper_zh_0155,联邦学习隐私保护技术（扩展研究 42）,联邦学习隐私保护技术。本研究在更大规模数据集上进行了额外实验验证，提供了理论分析补充。系统性评估了方法在不同场景下的适用性和局限性。,图机器学习,15568,2023,孙鹏 等,NeurIPS
paper_zh_0156,大语言模型知识图谱构建综述（扩展研究 36）,大语言模型知识图谱构建综述。本研究在更大规模数据集上进行了额外实验验证，提供了理论分析补充。系统性评估了方法在不同场景下的适用性和局限性。,计算机视觉,15481,2023,周涛 等,人工智能学报
paper_zh_0157,向量数据库技术选型与实践（扩展研究 4）,向量数据库技术选型与实践。本研究在更大规模数据集上进行了额外实验验证，提供了理论分析补充。系统性评估了方法在不同场景下的适用性和局限性。,自然语言处理,11353,2024,赵磊 等,ACL 中文研讨会
paper_zh_0158,自监督学习前沿进展（扩展研究 46）,自监督学习前沿进展。本研究在更大规模数据集上进行了额外实验验证，提供了理论分析补充。系统性评估了方法在不同场景下的适用性和局限性。,计算机视觉,4848,2022,刘洋 等,人工智能学报
paper_zh_0159,分布式训练系统优化策略（扩展研究 4）,分布式训练系统优化策略。本研究在更大规模数据集上进行了额外实验验证，提供了理论分析补充。系统性评估了方法在不同场景下的适用性和局限性。,自然语言处理,16965,2023,李明 等,中国计算机大会
paper_zh_0160,时间序列异常检测方法对比（扩展研究 50）,时间序列异常检测方法对比。本研究在更大规模数据集上进行了额外实验验证，提供了理论分析补充。系统性评估了方法在不同场景下的适用性和局限性。,强化学习,13803,2024,周涛 等,ACL 中文研讨会
paper_zh_0161,知识蒸馏模型压缩技术（扩展研究 31）,知识蒸馏模型压缩技术。本研究在更大规模数据集上进行了额外实验验证，提供了理论分析补充。系统性评估了方法在不同场景下的适用性和局限性。,计算机视觉,17178,2022,赵磊 等,AAAI
paper_zh_0162,深度学习在医疗影像中的应用（扩展研究 24）,深度学习在医疗影像中的应用。本研究在更大规模数据集上进行了额外实验验证，提供了理论分析补充。系统性评估了方法在不同场景下的适用性和局限性。,自然语言处理,8740,2022,孙鹏 等,数据挖掘与知识发现
paper_zh_0163,多模态预训练模型进展（扩展研究 39）,多模态预训练模型进展。本研究在更大规模数据集上进行了额外实验验证，提供了理论分析补充。系统性评估了方法在不同场景下的适用性和局限性。,强化学习,14992,2022,郑宇 等,ACL 中文研讨会
paper_zh_0164,自监督学习前沿进展（扩展研究 29）,自监督学习前沿进展。本研究在更大规模数据集上进行了额外实验验证，提供了理论分析补充。系统性评估了方法在不同场景下的适用性和局限性。,数据系统,16328,2024,刘洋 等,自然语言处理前沿
paper_zh_0165,基于图神经网络的推荐系统（扩展研究 46）,基于图神经网络的推荐系统。本研究在更大规模数据集上进行了额外实验验证，提供了理论分析补充。系统性评估了方法在不同场景下的适用性和局限性。,图机器学习,7035,2022,吴昊 等,数据挖掘与知识发现
paper_zh_0166,知识蒸馏模型压缩技术（扩展研究 37）,知识蒸馏模型压缩技术。本研究在更大规模数据集上进行了额外实验验证，提供了理论分析补充。系统性评估了方法在不同场景下的适用性和局限性。,机器学习,6773,2024,郑宇 等,ACL 中文研讨会
paper_zh_0167,时间序列异常检测方法对比（扩展研究 14）,时间序列异常检测方法对比。本研究在更大规模数据集上进行了额外实验验证，提供了理论分析补充。系统性评估了方法在不同场景下的适用性和局限性。,数据系统,14987,2024,王强 等,人工智能学报
paper_zh_0168,多模态预训练模型进展（扩展研究 43）,多模态预训练模型进展。本研究在更大规模数据集上进行了额外实验验证，提供了理论分析补充。系统性评估了方法在不同场景下的适用性和局限性。,数据系统,10987,2024,张伟 等,NeurIPS
paper_zh_0169,代码生成与大语言模型（扩展研究 4）,代码生成与大语言模型。本研究在更大规模数据集上进行了额外实验验证，提供了理论分析补充。系统性评估了方法在不同场景下的适用性和局限性。,强化学习,8492,2022,刘洋 等,AAAI
paper_zh_0170,知识蒸馏模型压缩技术（扩展研究 43）,知识蒸馏模型压缩技术。本研究在更大规模数据集上进行了额外实验验证，提供了理论分析补充。系统性评估了方法在不同场景下的适用性和局限性。,数据系统,7784,2022,吴昊 等,自然语言处理前沿
paper_zh_0171,基于图神经网络的推荐系统（扩展研究 39）,基于图神经网络的推荐系统。本研究在更大规模数据集上进行了额外实验验证，提供了理论分析补充。系统性评估了方法在不同场景下的适用性和局限性。,图机器学习,7854,2022,李明 等,数据挖掘与知识发现
paper_zh_0172,时间序列异常检测方法对比（扩展研究 39）,时间序列异常检测方法对比。本研究在更大规模数据集上进行了额外实验验证，提供了理论分析补充。系统性评估了方法在不同场景下的适用性和局限性。,数据系统,13718,2022,李明 等,数据挖掘与知识发现
paper_zh_0173,基于图神经网络的推荐系统（扩展研究 17）,基于图神经网络的推荐系统。本研究在更大规模数据集上进行了额外实验验证，提供了理论分析补充。系统性评估了方法在不同场景下的适用性和局限性。,自然语言处理,9119,2024,周涛 等,数据挖掘与知识发现
paper_zh_0174,基于图神经网络的推荐系统（扩展研究 2）,基于图神经网络的推荐系统。本研究在更大规模数据集上进行了额外实验验证，提供了理论分析补充。系统性评估了方法在不同场景下的适用性和局限性。,机器学习,17354,2023,张伟 等,NeurIPS
paper_zh_0175,基于图神经网络的推荐系统（扩展研究 2）,基于图神经网络的推荐系统。本研究在更大规模数据集上进行了额外实验验证，提供了理论分析补充。系统性评估了方法在不同场景下的适用性和局限性。,数据系统,15849,2024,吴昊 等,人工智能学报
paper_zh_0176,因果推断在推荐系统中的应用（扩展研究 20）,因果推断在推荐系统中的应用。本研究在更大规模数据集上进行了额外实验验证，提供了理论分析补充。系统性评估了方法在不同场景下的适用性和局限性。,计算机视觉,14790,2024,郑宇 等,自然语言处理前沿
paper_zh_0177,Apache Arrow 列式内存格式优化研究（扩展研究 24）,Apache Arrow 列式内存格式优化研究。本研究在更大规模数据集上进行了额外实验验证，提供了理论分析补充。系统性评估了方法在不同场景下的适用性和局限性。,数据系统,11472,2023,吴昊 等,NeurIPS
paper_zh_0178,深度学习在医疗影像中的应用（扩展研究 10）,深度学习在医疗影像中的应用。本研究在更大规模数据集上进行了额外实验验证，提供了理论分析补充。系统性评估了方法在不同场景下的适用性和局限性。,强化学习,16594,2022,刘洋 等,自然语言处理前沿
paper_zh_0179,知识蒸馏模型压缩技术（扩展研究 22）,知识蒸馏模型压缩技术。本研究在更大规模数据集上进行了额外实验验证，提供了理论分析补充。系统性评估了方法在不同场景下的适用性和局限性。,机器学习,13483,2023,李明 等,自然语言处理前沿
paper_zh_0180,多模态预训练模型进展（扩展研究 19）,多模态预训练模型进展。本研究在更大规模数据集上进行了额外实验验证，提供了理论分析补充。系统性评估了方法在不同场景下的适用性和局限性。,计算机视觉,16121,2023,陈晨 等,数据挖掘与知识发现
paper_zh_0181,检索增强生成企业智能客服应用（扩展研究 25）,检索增强生成企业智能客服应用。本研究在更大规模数据集上进行了额外实验验证，提供了理论分析补充。系统性评估了方法在不同场景下的适用性和局限性。,自然语言处理,13546,2023,赵磊 等,中国计算机大会
paper_zh_0182,自监督学习前沿进展（扩展研究 14）,自监督学习前沿进展。本研究在更大规模数据集上进行了额外实验验证，提供了理论分析补充。系统性评估了方法在不同场景下的适用性和局限性。,自然语言处理,15599,2022,赵磊 等,自然语言处理前沿
paper_zh_0183,基于图神经网络的推荐系统（扩展研究 20）,基于图神经网络的推荐系统。本研究在更大规模数据集上进行了额外实验验证，提供了理论分析补充。系统性评估了方法在不同场景下的适用性和局限性。,机器学习,5577,2024,孙鹏 等,ACL 中文研讨会
paper_zh_0184,分布式训练系统优化策略（扩展研究 24）,分布式训练系统优化策略。本研究在更大规模数据集上进行了额外实验验证，提供了理论分析补充。系统性评估了方法在不同场景下的适用性和局限性。,强化学习,5797,2024,李明 等,中国计算机大会
paper_zh_0185,深度学习在医疗影像中的应用（扩展研究 33）,深度学习在医疗影像中的应用。本研究在更大规模数据集上进行了额外实验验证，提供了理论分析补充。系统性评估了方法在不同场景下的适用性和局限性。,图机器学习,9056,2023,李明 等,数据挖掘与知识发现
paper_zh_0186,自监督学习前沿进展（扩展研究 29）,自监督学习前沿进展。本研究在更大规模数据集上进行了额外实验验证，提供了理论分析补充。系统性评估了方法在不同场景下的适用性和局限性。,自然语言处理,7758,2023,赵磊 等,数据挖掘与知识发现
paper_zh_0187,大语言模型知识图谱构建综述（扩展研究 23）,大语言模型知识图谱构建综述。本研究在更大规模数据集上进行了额外实验验证，提供了理论分析补充。系统性评估了方法在不同场景下的适用性和局限性。,图机器学习,16025,2022,陈晨 等,中国计算机大会
paper_zh_0188,Apache Arrow 列式内存格式优化研究（扩展研究 33）,Apache Arrow 列式内存格式优化研究。本研究在更大规模数据集上进行了额外实验验证，提供了理论分析补充。系统性评估了方法在不同场景下的适用性和局限性。,数据系统,6332,2022,刘洋 等,AAAI
paper_zh_0189,深度学习在医疗影像中的应用（扩展研究 46）,深度学习在医疗影像中的应用。本研究在更大规模数据集上进行了额外实验验证，提供了理论分析补充。系统性评估了方法在不同场景下的适用性和局限性。,自然语言处理,11976,2024,周涛 等,人工智能学报
paper_zh_0190,分布式训练系统优化策略（扩展研究 14）,分布式训练系统优化策略。本研究在更大规模数据集上进行了额外实验验证，提供了理论分析补充。系统性评估了方法在不同场景下的适用性和局限性。,机器学习,17534,2024,王强 等,ACL 中文研讨会
paper_zh_0191,自监督学习前沿进展（扩展研究 36）,自监督学习前沿进展。本研究在更大规模数据集上进行了额外实验验证，提供了理论分析补充。系统性评估了方法在不同场景下的适用性和局限性。,强化学习,5835,2022,吴昊 等,中国计算机大会
paper_zh_0192,向量数据库技术选型与实践（扩展研究 35）,向量数据库技术选型与实践。本研究在更大规模数据集上进行了额外实验验证，提供了理论分析补充。系统性评估了方法在不同场景下的适用性和局限性。,数据系统,17369,2024,郑宇 等,人工智能学报
paper_zh_0193,基于图神经网络的推荐系统（扩展研究 21）,基于图神经网络的推荐系统。本研究在更大规模数据集上进行了额外实验验证，提供了理论分析补充。系统性评估了方法在不同场景下的适用性和局限性。,自然语言处理,15055,2023,赵磊 等,ACL 中文研讨会
paper_zh_0194,向量数据库技术选型与实践（扩展研究 12）,向量数据库技术选型与实践。本研究在更大规模数据集上进行了额外实验验证，提供了理论分析补充。系统性评估了方法在不同场景下的适用性和局限性。,机器学习,11229,2024,赵磊 等,自然语言处理前沿
paper_zh_0195,Apache Arrow 列式内存格式优化研究（扩展研究 50）,Apache Arrow 列式内存格式优化研究。本研究在更大规模数据集上进行了额外实验验证，提供了理论分析补充。系统性评估了方法在不同场景下的适用性和局限性。,数据系统,12159,2022,李明 等,中国计算机大会
paper_zh_0196,因果推断在推荐系统中的应用（扩展研究 15）,因果推断在推荐系统中的应用。本研究在更大规模数据集上进行了额外实验验证，提供了理论分析补充。系统性评估了方法在不同场景下的适用性和局限性。,计算机视觉,7909,2022,张伟 等,自然语言处理前沿
paper_zh_0197,深度学习在医疗影像中的应用（扩展研究 12）,深度学习在医疗影像中的应用。本研究在更大规模数据集上进行了额外实验验证，提供了理论分析补充。系统性评估了方法在不同场景下的适用性和局限性。,图机器学习,7944,2022,孙鹏 等,数据挖掘与知识发现
paper_zh_0198,知识蒸馏模型压缩技术（扩展研究 39）,知识蒸馏模型压缩技术。本研究在更大规模数据集上进行了额外实验验证，提供了理论分析补充。系统性评估了方法在不同场景下的适用性和局限性。,计算机视觉,8250,2024,张伟 等,中国计算机大会
paper_zh_0199,自监督学习前沿进展（扩展研究 36）,自监督学习前沿进展。本研究在更大规模数据集上进行了额外实验验证，提供了理论分析补充。系统性评估了方法在不同场景下的适用性和局限性。,自然语言处理,5565,2024,张伟 等,ACL 中文研讨会
paper_zh_0200,深度学习在医疗影像中的应用（扩展研究 21）,深度学习在医疗影像中的应用。本研究在更大规模数据集上进行了额外实验验证，提供了理论分析补充。系统性评估了方法在不同场景下的适用性和局限性。,强化学习,12964,2023,李明 等,数据挖掘与知识发现
paper_zh_0201,代码生成与大语言模型（扩展研究 4）,代码生成与大语言模型。本研究在更大规模数据集上进行了额外实验验证，提供了理论分析补充。系统性评估了方法在不同场景下的适用性和局限性。,机器学习,6113,2022,吴昊 等,ACL 中文研讨会
paper_zh_0202,向量数据库技术选型与实践（扩展研究 47）,向量数据库技术选型与实践。本研究在更大规模数据集上进行了额外实验验证，提供了理论分析补充。系统性评估了方法在不同场景下的适用性和局限性。,计算机视觉,8142,2022,吴昊 等,中国计算机大会
paper_zh_0203,大语言模型知识图谱构建综述（扩展研究 10）,大语言模型知识图谱构建综述。本研究在更大规模数据集上进行了额外实验验证，提供了理论分析补充。系统性评估了方法在不同场景下的适用性和局限性。,数据系统,12483,2023,孙鹏 等,中国计算机大会
paper_zh_0204,时间序列异常检测方法对比（扩展研究 37）,时间序列异常检测方法对比。本研究在更大规模数据集上进行了额外实验验证，提供了理论分析补充。系统性评估了方法在不同场景下的适用性和局限性。,数据系统,11710,2024,周涛 等,数据挖掘与知识发现
paper_zh_0205,Apache Arrow 列式内存格式优化研究（扩展研究 13）,Apache Arrow 列式内存格式优化研究。本研究在更大规模数据集上进行了额外实验验证，提供了理论分析补充。系统性评估了方法在不同场景下的适用性和局限性。,强化学习,16443,2022,陈晨 等,自然语言处理前沿
paper_zh_0206,因果推断在推荐系统中的应用（扩展研究 32）,因果推断在推荐系统中的应用。本研究在更大规模数据集上进行了额外实验验证，提供了理论分析补充。系统性评估了方法在不同场景下的适用性和局限性。,图机器学习,17992,2022,刘洋 等,数据挖掘与知识发现
paper_zh_0207,大语言模型知识图谱构建综述（扩展研究 19）,大语言模型知识图谱构建综述。本研究在更大规模数据集上进行了额外实验验证，提供了理论分析补充。系统性评估了方法在不同场景下的适用性和局限性。,自然语言处理,7075,2024,陈晨 等,数据挖掘与知识发现
paper_zh_0208,中文文本分类与情感分析综述（扩展研究 15）,中文文本分类与情感分析综述。本研究在更大规模数据集上进行了额外实验验证，提供了理论分析补充。系统性评估了方法在不同场景下的适用性和局限性。,数据系统,15865,2022,陈晨 等,AAAI
paper_zh_0209,向量数据库技术选型与实践（扩展研究 4）,向量数据库技术选型与实践。本研究在更大规模数据集上进行了额外实验验证，提供了理论分析补充。系统性评估了方法在不同场景下的适用性和局限性。,自然语言处理,10739,2023,李明 等,人工智能学报
paper_zh_0210,知识蒸馏模型压缩技术（扩展研究 3）,知识蒸馏模型压缩技术。本研究在更大规模数据集上进行了额外实验验证，提供了理论分析补充。系统性评估了方法在不同场景下的适用性和局限性。,机器学习,8820,2023,张伟 等,中国计算机大会
paper_zh_0211,时间序列异常检测方法对比（扩展研究 20）,时间序列异常检测方法对比。本研究在更大规模数据集上进行了额外实验验证，提供了理论分析补充。系统性评估了方法在不同场景下的适用性和局限性。,机器学习,5810,2022,李明 等,ACL 中文研讨会
paper_zh_0212,基于图神经网络的推荐系统（扩展研究 23）,基于图神经网络的推荐系统。本研究在更大规模数据集上进行了额外实验验证，提供了理论分析补充。系统性评估了方法在不同场景下的适用性和局限性。,计算机视觉,16209,2023,郑宇 等,AAAI
paper_zh_0213,大语言模型知识图谱构建综述（扩展研究 48）,大语言模型知识图谱构建综述。本研究在更大规模数据集上进行了额外实验验证，提供了理论分析补充。系统性评估了方法在不同场景下的适用性和局限性。,自然语言处理,11739,2022,王强 等,数据挖掘与知识发现
paper_zh_0214,因果推断在推荐系统中的应用（扩展研究 24）,因果推断在推荐系统中的应用。本研究在更大规模数据集上进行了额外实验验证，提供了理论分析补充。系统性评估了方法在不同场景下的适用性和局限性。,自然语言处理,10934,2024,周涛 等,ACL 中文研讨会
paper_zh_0215,向量数据库技术选型与实践（扩展研究 33）,向量数据库技术选型与实践。本研究在更大规模数据集上进行了额外实验验证，提供了理论分析补充。系统性评估了方法在不同场景下的适用性和局限性。,强化学习,10189,2022,吴昊 等,人工智能学报
paper_zh_0216,代码生成与大语言模型（扩展研究 50）,代码生成与大语言模型。本研究在更大规模数据集上进行了额外实验验证，提供了理论分析补充。系统性评估了方法在不同场景下的适用性和局限性。,图机器学习,13163,2024,吴昊 等,NeurIPS
paper_zh_0217,多模态预训练模型进展（扩展研究 31）,多模态预训练模型进展。本研究在更大规模数据集上进行了额外实验验证，提供了理论分析补充。系统性评估了方法在不同场景下的适用性和局限性。,强化学习,12046,2023,周涛 等,数据挖掘与知识发现
paper_zh_0218,代码生成与大语言模型（扩展研究 25）,代码生成与大语言模型。本研究在更大规模数据集上进行了额外实验验证，提供了理论分析补充。系统性评估了方法在不同场景下的适用性和局限性。,数据系统,5041,2022,吴昊 等,NeurIPS
paper_zh_0219,时间序列异常检测方法对比（扩展研究 6）,时间序列异常检测方法对比。本研究在更大规模数据集上进行了额外实验验证，提供了理论分析补充。系统性评估了方法在不同场景下的适用性和局限性。,数据系统,6110,2022,郑宇 等,自然语言处理前沿
paper_zh_0220,多模态预训练模型进展（扩展研究 38）,多模态预训练模型进展。本研究在更大规模数据集上进行了额外实验验证，提供了理论分析补充。系统性评估了方法在不同场景下的适用性和局限性。,机器学习,7657,2024,周涛 等,数据挖掘与知识发现
paper_zh_0221,知识蒸馏模型压缩技术（扩展研究 12）,知识蒸馏模型压缩技术。本研究在更大规模数据集上进行了额外实验验证，提供了理论分析补充。系统性评估了方法在不同场景下的适用性和局限性。,强化学习,4683,2023,吴昊 等,NeurIPS
paper_zh_0222,大语言模型知识图谱构建综述（扩展研究 19）,大语言模型知识图谱构建综述。本研究在更大规模数据集上进行了额外实验验证，提供了理论分析补充。系统性评估了方法在不同场景下的适用性和局限性。,自然语言处理,9918,2022,郑宇 等,AAAI
paper_zh_0223,基于图神经网络的推荐系统（扩展研究 49）,基于图神经网络的推荐系统。本研究在更大规模数据集上进行了额外实验验证，提供了理论分析补充。系统性评估了方法在不同场景下的适用性和局限性。,计算机视觉,12213,2023,吴昊 等,人工智能学报
paper_zh_0224,时间序列异常检测方法对比（扩展研究 49）,时间序列异常检测方法对比。本研究在更大规模数据集上进行了额外实验验证，提供了理论分析补充。系统性评估了方法在不同场景下的适用性和局限性。,机器学习,16949,2023,刘洋 等,AAAI
paper_zh_0225,多模态预训练模型进展（扩展研究 37）,多模态预训练模型进展。本研究在更大规模数据集上进行了额外实验验证，提供了理论分析补充。系统性评估了方法在不同场景下的适用性和局限性。,机器学习,15232,2022,周涛 等,自然语言处理前沿
paper_zh_0226,深度学习在医疗影像中的应用（扩展研究 21）,深度学习在医疗影像中的应用。本研究在更大规模数据集上进行了额外实验验证，提供了理论分析补充。系统性评估了方法在不同场景下的适用性和局限性。,强化学习,15926,2024,张伟 等,ACL 中文研讨会
paper_zh_0227,时间序列异常检测方法对比（扩展研究 8）,时间序列异常检测方法对比。本研究在更大规模数据集上进行了额外实验验证，提供了理论分析补充。系统性评估了方法在不同场景下的适用性和局限性。,强化学习,9698,2023,赵磊 等,自然语言处理前沿
paper_zh_0228,因果推断在推荐系统中的应用（扩展研究 14）,因果推断在推荐系统中的应用。本研究在更大规模数据集上进行了额外实验验证，提供了理论分析补充。系统性评估了方法在不同场景下的适用性和局限性。,计算机视觉,13318,2022,吴昊 等,数据挖掘与知识发现
paper_zh_0229,Apache Arrow 列式内存格式优化研究（扩展研究 44）,Apache Arrow 列式内存格式优化研究。本研究在更大规模数据集上进行了额外实验验证，提供了理论分析补充。系统性评估了方法在不同场景下的适用性和局限性。,计算机视觉,10411,2024,王强 等,中国计算机大会
paper_zh_0230,代码生成与大语言模型（扩展研究 19）,代码生成与大语言模型。本研究在更大规模数据集上进行了额外实验验证，提供了理论分析补充。系统性评估了方法在不同场景下的适用性和局限性。,计算机视觉,17553,2023,郑宇 等,ACL 中文研讨会
paper_zh_0231,因果推断在推荐系统中的应用（扩展研究 13）,因果推断在推荐系统中的应用。本研究在更大规模数据集上进行了额外实验验证，提供了理论分析补充。系统性评估了方法在不同场景下的适用性和局限性。,自然语言处理,11340,2022,郑宇 等,AAAI
paper_zh_0232,大语言模型知识图谱构建综述（扩展研究 28）,大语言模型知识图谱构建综述。本研究在更大规模数据集上进行了额外实验验证，提供了理论分析补充。系统性评估了方法在不同场景下的适用性和局限性。,计算机视觉,7733,2024,赵磊 等,人工智能学报
paper_zh_0233,代码生成与大语言模型（扩展研究 31）,代码生成与大语言模型。本研究在更大规模数据集上进行了额外实验验证，提供了理论分析补充。系统性评估了方法在不同场景下的适用性和局限性。,数据系统,4138,2022,张伟 等,数据挖掘与知识发现
paper_zh_0234,时间序列异常检测方法对比（扩展研究 6）,时间序列异常检测方法对比。本研究在更大规模数据集上进行了额外实验验证，提供了理论分析补充。系统性评估了方法在不同场景下的适用性和局限性。,数据系统,16578,2023,刘洋 等,NeurIPS
paper_zh_0235,时间序列异常检测方法对比（扩展研究 19）,时间序列异常检测方法对比。本研究在更大规模数据集上进行了额外实验验证，提供了理论分析补充。系统性评估了方法在不同场景下的适用性和局限性。,图机器学习,7045,2022,赵磊 等,AAAI
paper_zh_0236,时间序列异常检测方法对比（扩展研究 24）,时间序列异常检测方法对比。本研究在更大规模数据集上进行了额外实验验证，提供了理论分析补充。系统性评估了方法在不同场景下的适用性和局限性。,强化学习,15779,2023,刘洋 等,数据挖掘与知识发现
paper_zh_0237,中文文本分类与情感分析综述（扩展研究 20）,中文文本分类与情感分析综述。本研究在更大规模数据集上进行了额外实验验证，提供了理论分析补充。系统性评估了方法在不同场景下的适用性和局限性。,计算机视觉,16440,2022,周涛 等,人工智能学报
paper_zh_0238,分布式训练系统优化策略（扩展研究 39）,分布式训练系统优化策略。本研究在更大规模数据集上进行了额外实验验证，提供了理论分析补充。系统性评估了方法在不同场景下的适用性和局限性。,图机器学习,15100,2023,周涛 等,NeurIPS
paper_zh_0239,多模态预训练模型进展（扩展研究 35）,多模态预训练模型进展。本研究在更大规模数据集上进行了额外实验验证，提供了理论分析补充。系统性评估了方法在不同场景下的适用性和局限性。,强化学习,12815,2024,王强 等,数据挖掘与知识发现
paper_zh_0240,代码生成与大语言模型（扩展研究 48）,代码生成与大语言模型。本研究在更大规模数据集上进行了额外实验验证，提供了理论分析补充。系统性评估了方法在不同场景下的适用性和局限性。,强化学习,6218,2022,张伟 等,数据挖掘与知识发现
paper_zh_0241,联邦学习隐私保护技术（扩展研究 10）,联邦学习隐私保护技术。本研究在更大规模数据集上进行了额外实验验证，提供了理论分析补充。系统性评估了方法在不同场景下的适用性和局限性。,机器学习,15126,2024,张伟 等,AAAI
paper_zh_0242,知识蒸馏模型压缩技术（扩展研究 50）,知识蒸馏模型压缩技术。本研究在更大规模数据集上进行了额外实验验证，提供了理论分析补充。系统性评估了方法在不同场景下的适用性和局限性。,机器学习,14134,2023,周涛 等,人工智能学报
paper_zh_0243,向量数据库技术选型与实践（扩展研究 13）,向量数据库技术选型与实践。本研究在更大规模数据集上进行了额外实验验证，提供了理论分析补充。系统性评估了方法在不同场景下的适用性和局限性。,机器学习,8834,2023,李明 等,数据挖掘与知识发现
paper_zh_0244,基于图神经网络的推荐系统（扩展研究 44）,基于图神经网络的推荐系统。本研究在更大规模数据集上进行了额外实验验证，提供了理论分析补充。系统性评估了方法在不同场景下的适用性和局限性。,数据系统,12057,2024,张伟 等,AAAI
paper_zh_0245,代码生成与大语言模型（扩展研究 3）,代码生成与大语言模型。本研究在更大规模数据集上进行了额外实验验证，提供了理论分析补充。系统性评估了方法在不同场景下的适用性和局限性。,机器学习,15371,2023,吴昊 等,NeurIPS
paper_zh_0246,联邦学习隐私保护技术（扩展研究 7）,联邦学习隐私保护技术。本研究在更大规模数据集上进行了额外实验验证，提供了理论分析补充。系统性评估了方法在不同场景下的适用性和局限性。,数据系统,12549,2023,陈晨 等,AAAI
paper_zh_0247,深度学习在医疗影像中的应用（扩展研究 10）,深度学习在医疗影像中的应用。本研究在更大规模数据集上进行了额外实验验证，提供了理论分析补充。系统性评估了方法在不同场景下的适用性和局限性。,自然语言处理,16608,2023,陈晨 等,人工智能学报
paper_zh_0248,大语言模型知识图谱构建综述（扩展研究 46）,大语言模型知识图谱构建综述。本研究在更大规模数据集上进行了额外实验验证，提供了理论分析补充。系统性评估了方法在不同场景下的适用性和局限性。,数据系统,8239,2024,吴昊 等,NeurIPS
paper_zh_0249,向量数据库技术选型与实践（扩展研究 9）,向量数据库技术选型与实践。本研究在更大规模数据集上进行了额外实验验证，提供了理论分析补充。系统性评估了方法在不同场景下的适用性和局限性。,数据系统,17192,2022,李明 等,自然语言处理前沿
paper_zh_0250,联邦学习隐私保护技术（扩展研究 2）,联邦学习隐私保护技术。本研究在更大规模数据集上进行了额外实验验证，提供了理论分析补充。系统性评估了方法在不同场景下的适用性和局限性。,数据系统,7783,2022,王强 等,AAAI
paper_zh_0251,知识蒸馏模型压缩技术（扩展研究 5）,知识蒸馏模型压缩技术。本研究在更大规模数据集上进行了额外实验验证，提供了理论分析补充。系统性评估了方法在不同场景下的适用性和局限性。,数据系统,15353,2023,陈晨 等,ACL 中文研讨会
paper_zh_0252,联邦学习隐私保护技术（扩展研究 17）,联邦学习隐私保护技术。本研究在更大规模数据集上进行了额外实验验证，提供了理论分析补充。系统性评估了方法在不同场景下的适用性和局限性。,机器学习,6205,2023,孙鹏 等,数据挖掘与知识发现
paper_zh_0253,知识蒸馏模型压缩技术（扩展研究 35）,知识蒸馏模型压缩技术。本研究在更大规模数据集上进行了额外实验验证，提供了理论分析补充。系统性评估了方法在不同场景下的适用性和局限性。,数据系统,13278,2024,周涛 等,数据挖掘与知识发现
paper_zh_0254,因果推断在推荐系统中的应用（扩展研究 45）,因果推断在推荐系统中的应用。本研究在更大规模数据集上进行了额外实验验证，提供了理论分析补充。系统性评估了方法在不同场景下的适用性和局限性。,计算机视觉,4980,2022,张伟 等,AAAI
paper_zh_0255,多模态预训练模型进展（扩展研究 8）,多模态预训练模型进展。本研究在更大规模数据集上进行了额外实验验证，提供了理论分析补充。系统性评估了方法在不同场景下的适用性和局限性。,自然语言处理,17153,2023,周涛 等,自然语言处理前沿
paper_zh_0256,代码生成与大语言模型（扩展研究 49）,代码生成与大语言模型。本研究在更大规模数据集上进行了额外实验验证，提供了理论分析补充。系统性评估了方法在不同场景下的适用性和局限性。,图机器学习,12195,2024,郑宇 等,ACL 中文研讨会
paper_zh_0257,深度学习在医疗影像中的应用（扩展研究 38）,深度学习在医疗影像中的应用。本研究在更大规模数据集上进行了额外实验验证，提供了理论分析补充。系统性评估了方法在不同场景下的适用性和局限性。,计算机视觉,6635,2023,周涛 等,中国计算机大会
paper_zh_0258,自监督学习前沿进展（扩展研究 35）,自监督学习前沿进展。本研究在更大规模数据集上进行了额外实验验证，提供了理论分析补充。系统性评估了方法在不同场景下的适用性和局限性。,计算机视觉,5985,2022,刘洋 等,中国计算机大会
paper_zh_0259,多模态预训练模型进展（扩展研究 29）,多模态预训练模型进展。本研究在更大规模数据集上进行了额外实验验证，提供了理论分析补充。系统性评估了方法在不同场景下的适用性和局限性。,机器学习,16579,2023,刘洋 等,ACL 中文研讨会
paper_zh_0260,向量数据库技术选型与实践（扩展研究 18）,向量数据库技术选型与实践。本研究在更大规模数据集上进行了额外实验验证，提供了理论分析补充。系统性评估了方法在不同场景下的适用性和局限性。,自然语言处理,9853,2024,孙鹏 等,人工智能学报
paper_zh_0261,向量数据库技术选型与实践（扩展研究 34）,向量数据库技术选型与实践。本研究在更大规模数据集上进行了额外实验验证，提供了理论分析补充。系统性评估了方法在不同场景下的适用性和局限性。,计算机视觉,16896,2022,王强 等,NeurIPS
paper_zh_0262,因果推断在推荐系统中的应用（扩展研究 7）,因果推断在推荐系统中的应用。本研究在更大规模数据集上进行了额外实验验证，提供了理论分析补充。系统性评估了方法在不同场景下的适用性和局限性。,计算机视觉,17383,2023,张伟 等,中国计算机大会
paper_zh_0263,中文文本分类与情感分析综述（扩展研究 17）,中文文本分类与情感分析综述。本研究在更大规模数据集上进行了额外实验验证，提供了理论分析补充。系统性评估了方法在不同场景下的适用性和局限性。,自然语言处理,16434,2023,陈晨 等,ACL 中文研讨会
paper_zh_0264,自监督学习前沿进展（扩展研究 11）,自监督学习前沿进展。本研究在更大规模数据集上进行了额外实验验证，提供了理论分析补充。系统性评估了方法在不同场景下的适用性和局限性。,强化学习,9801,2023,周涛 等,AAAI
paper_zh_0265,自监督学习前沿进展（扩展研究 46）,自监督学习前沿进展。本研究在更大规模数据集上进行了额外实验验证，提供了理论分析补充。系统性评估了方法在不同场景下的适用性和局限性。,机器学习,9416,2022,孙鹏 等,ACL 中文研讨会
paper_zh_0266,向量数据库技术选型与实践（扩展研究 43）,向量数据库技术选型与实践。本研究在更大规模数据集上进行了额外实验验证，提供了理论分析补充。系统性评估了方法在不同场景下的适用性和局限性。,计算机视觉,15006,2022,刘洋 等,中国计算机大会
paper_zh_0267,自监督学习前沿进展（扩展研究 23）,自监督学习前沿进展。本研究在更大规模数据集上进行了额外实验验证，提供了理论分析补充。系统性评估了方法在不同场景下的适用性和局限性。,机器学习,8224,2022,李明 等,中国计算机大会
paper_zh_0268,自监督学习前沿进展（扩展研究 3）,自监督学习前沿进展。本研究在更大规模数据集上进行了额外实验验证，提供了理论分析补充。系统性评估了方法在不同场景下的适用性和局限性。,图机器学习,14487,2022,张伟 等,NeurIPS
paper_zh_0269,联邦学习隐私保护技术（扩展研究 8）,联邦学习隐私保护技术。本研究在更大规模数据集上进行了额外实验验证，提供了理论分析补充。系统性评估了方法在不同场景下的适用性和局限性。,机器学习,8060,2024,孙鹏 等,数据挖掘与知识发现
paper_zh_0270,Apache Arrow 列式内存格式优化研究（扩展研究 5）,Apache Arrow 列式内存格式优化研究。本研究在更大规模数据集上进行了额外实验验证，提供了理论分析补充。系统性评估了方法在不同场景下的适用性和局限性。,图机器学习,16846,2022,赵磊 等,人工智能学报
paper_zh_0271,检索增强生成企业智能客服应用（扩展研究 6）,检索增强生成企业智能客服应用。本研究在更大规模数据集上进行了额外实验验证，提供了理论分析补充。系统性评估了方法在不同场景下的适用性和局限性。,自然语言处理,15057,2023,陈晨 等,ACL 中文研讨会
paper_zh_0272,自监督学习前沿进展（扩展研究 29）,自监督学习前沿进展。本研究在更大规模数据集上进行了额外实验验证，提供了理论分析补充。系统性评估了方法在不同场景下的适用性和局限性。,强化学习,16847,2023,刘洋 等,数据挖掘与知识发现
paper_zh_0273,自监督学习前沿进展（扩展研究 14）,自监督学习前沿进展。本研究在更大规模数据集上进行了额外实验验证，提供了理论分析补充。系统性评估了方法在不同场景下的适用性和局限性。,计算机视觉,13183,2023,王强 等,AAAI
paper_zh_0274,向量数据库技术选型与实践（扩展研究 9）,向量数据库技术选型与实践。本研究在更大规模数据集上进行了额外实验验证，提供了理论分析补充。系统性评估了方法在不同场景下的适用性和局限性。,数据系统,17639,2023,李明 等,数据挖掘与知识发现
paper_zh_0275,时间序列异常检测方法对比（扩展研究 50）,时间序列异常检测方法对比。本研究在更大规模数据集上进行了额外实验验证，提供了理论分析补充。系统性评估了方法在不同场景下的适用性和局限性。,计算机视觉,14177,2024,郑宇 等,AAAI
paper_zh_0276,分布式训练系统优化策略（扩展研究 11）,分布式训练系统优化策略。本研究在更大规模数据集上进行了额外实验验证，提供了理论分析补充。系统性评估了方法在不同场景下的适用性和局限性。,计算机视觉,10768,2024,李明 等,自然语言处理前沿
paper_zh_0277,自监督学习前沿进展（扩展研究 23）,自监督学习前沿进展。本研究在更大规模数据集上进行了额外实验验证，提供了理论分析补充。系统性评估了方法在不同场景下的适用性和局限性。,计算机视觉,9154,2022,周涛 等,人工智能学报
paper_zh_0278,多模态预训练模型进展（扩展研究 11）,多模态预训练模型进展。本研究在更大规模数据集上进行了额外实验验证，提供了理论分析补充。系统性评估了方法在不同场景下的适用性和局限性。,计算机视觉,10577,2024,王强 等,数据挖掘与知识发现
paper_zh_0279,因果推断在推荐系统中的应用（扩展研究 25）,因果推断在推荐系统中的应用。本研究在更大规模数据集上进行了额外实验验证，提供了理论分析补充。系统性评估了方法在不同场景下的适用性和局限性。,强化学习,4983,2024,李明 等,AAAI
paper_zh_0280,因果推断在推荐系统中的应用（扩展研究 44）,因果推断在推荐系统中的应用。本研究在更大规模数据集上进行了额外实验验证，提供了理论分析补充。系统性评估了方法在不同场景下的适用性和局限性。,图机器学习,9094,2022,王强 等,人工智能学报
paper_zh_0281,检索增强生成企业智能客服应用（扩展研究 14）,检索增强生成企业智能客服应用。本研究在更大规模数据集上进行了额外实验验证，提供了理论分析补充。系统性评估了方法在不同场景下的适用性和局限性。,自然语言处理,9690,2024,赵磊 等,自然语言处理前沿
paper_zh_0282,自监督学习前沿进展（扩展研究 24）,自监督学习前沿进展。本研究在更大规模数据集上进行了额外实验验证，提供了理论分析补充。系统性评估了方法在不同场景下的适用性和局限性。,自然语言处理,12375,2022,刘洋 等,数据挖掘与知识发现
paper_zh_0283,代码生成与大语言模型（扩展研究 42）,代码生成与大语言模型。本研究在更大规模数据集上进行了额外实验验证，提供了理论分析补充。系统性评估了方法在不同场景下的适用性和局限性。,强化学习,9460,2024,王强 等,自然语言处理前沿
paper_zh_0284,大语言模型知识图谱构建综述（扩展研究 23）,大语言模型知识图谱构建综述。本研究在更大规模数据集上进行了额外实验验证，提供了理论分析补充。系统性评估了方法在不同场景下的适用性和局限性。,图机器学习,4459,2023,赵磊 等,中国计算机大会
paper_zh_0285,分布式训练系统优化策略（扩展研究 44）,分布式训练系统优化策略。本研究在更大规模数据集上进行了额外实验验证，提供了理论分析补充。系统性评估了方法在不同场景下的适用性和局限性。,数据系统,12330,2022,郑宇 等,数据挖掘与知识发现
paper_zh_0286,自监督学习前沿进展（扩展研究 30）,自监督学习前沿进展。本研究在更大规模数据集上进行了额外实验验证，提供了理论分析补充。系统性评估了方法在不同场景下的适用性和局限性。,强化学习,17243,2022,赵磊 等,AAAI
paper_zh_0287,代码生成与大语言模型（扩展研究 10）,代码生成与大语言模型。本研究在更大规模数据集上进行了额外实验验证，提供了理论分析补充。系统性评估了方法在不同场景下的适用性和局限性。,计算机视觉,9867,2022,陈晨 等,数据挖掘与知识发现
paper_zh_0288,联邦学习隐私保护技术（扩展研究 33）,联邦学习隐私保护技术。本研究在更大规模数据集上进行了额外实验验证，提供了理论分析补充。系统性评估了方法在不同场景下的适用性和局限性。,强化学习,12006,2023,陈晨 等,AAAI
paper_zh_0289,因果推断在推荐系统中的应用（扩展研究 26）,因果推断在推荐系统中的应用。本研究在更大规模数据集上进行了额外实验验证，提供了理论分析补充。系统性评估了方法在不同场景下的适用性和局限性。,计算机视觉,8334,2024,刘洋 等,中国计算机大会
paper_zh_0290,深度学习在医疗影像中的应用（扩展研究 20）,深度学习在医疗影像中的应用。本研究在更大规模数据集上进行了额外实验验证，提供了理论分析补充。系统性评估了方法在不同场景下的适用性和局限性。,计算机视觉,17217,2022,张伟 等,NeurIPS
paper_zh_0291,深度学习在医疗影像中的应用（扩展研究 38）,深度学习在医疗影像中的应用。本研究在更大规模数据集上进行了额外实验验证，提供了理论分析补充。系统性评估了方法在不同场景下的适用性和局限性。,机器学习,12717,2024,王强 等,NeurIPS
paper_zh_0292,多模态预训练模型进展（扩展研究 29）,多模态预训练模型进展。本研究在更大规模数据集上进行了额外实验验证，提供了理论分析补充。系统性评估了方法在不同场景下的适用性和局限性。,计算机视觉,6062,2024,周涛 等,AAAI
paper_zh_0293,知识蒸馏模型压缩技术（扩展研究 15）,知识蒸馏模型压缩技术。本研究在更大规模数据集上进行了额外实验验证，提供了理论分析补充。系统性评估了方法在不同场景下的适用性和局限性。,计算机视觉,12140,2023,郑宇 等,ACL 中文研讨会
paper_zh_0294,基于图神经网络的推荐系统（扩展研究 43）,基于图神经网络的推荐系统。本研究在更大规模数据集上进行了额外实验验证，提供了理论分析补充。系统性评估了方法在不同场景下的适用性和局限性。,图机器学习,8755,2024,孙鹏 等,中国计算机大会
paper_zh_0295,向量数据库技术选型与实践（扩展研究 10）,向量数据库技术选型与实践。本研究在更大规模数据集上进行了额外实验验证，提供了理论分析补充。系统性评估了方法在不同场景下的适用性和局限性。,图机器学习,5987,2022,陈晨 等,中国计算机大会
paper_zh_0296,检索增强生成企业智能客服应用（扩展研究 25）,检索增强生成企业智能客服应用。本研究在更大规模数据集上进行了额外实验验证，提供了理论分析补充。系统性评估了方法在不同场景下的适用性和局限性。,数据系统,8149,2023,刘洋 等,自然语言处理前沿
paper_zh_0297,大语言模型知识图谱构建综述（扩展研究 7）,大语言模型知识图谱构建综述。本研究在更大规模数据集上进行了额外实验验证，提供了理论分析补充。系统性评估了方法在不同场景下的适用性和局限性。,数据系统,16380,2023,张伟 等,自然语言处理前沿
paper_zh_0298,自监督学习前沿进展（扩展研究 16）,自监督学习前沿进展。本研究在更大规模数据集上进行了额外实验验证，提供了理论分析补充。系统性评估了方法在不同场景下的适用性和局限性。,图机器学习,6315,2024,陈晨 等,NeurIPS
paper_zh_0299,联邦学习隐私保护技术（扩展研究 38）,联邦学习隐私保护技术。本研究在更大规模数据集上进行了额外实验验证，提供了理论分析补充。系统性评估了方法在不同场景下的适用性和局限性。,机器学习,6348,2023,王强 等,AAAI
paper_zh_0300,代码生成与大语言模型（扩展研究 8）,代码生成与大语言模型。本研究在更大规模数据集上进行了额外实验验证，提供了理论分析补充。系统性评估了方法在不同场景下的适用性和局限性。,强化学习,15577,2023,陈晨 等,ACL 中文研讨会
paper_zh_0301,时间序列异常检测方法对比（扩展研究 27）,时间序列异常检测方法对比。本研究在更大规模数据集上进行了额外实验验证，提供了理论分析补充。系统性评估了方法在不同场景下的适用性和局限性。,机器学习,16678,2022,刘洋 等,ACL 中文研讨会
paper_zh_0302,大语言模型知识图谱构建综述（扩展研究 43）,大语言模型知识图谱构建综述。本研究在更大规模数据集上进行了额外实验验证，提供了理论分析补充。系统性评估了方法在不同场景下的适用性和局限性。,计算机视觉,17520,2022,郑宇 等,AAAI
paper_zh_0303,时间序列异常检测方法对比（扩展研究 42）,时间序列异常检测方法对比。本研究在更大规模数据集上进行了额外实验验证，提供了理论分析补充。系统性评估了方法在不同场景下的适用性和局限性。,自然语言处理,13789,2024,吴昊 等,AAAI
paper_zh_0304,检索增强生成企业智能客服应用（扩展研究 31）,检索增强生成企业智能客服应用。本研究在更大规模数据集上进行了额外实验验证，提供了理论分析补充。系统性评估了方法在不同场景下的适用性和局限性。,计算机视觉,13122,2024,赵磊 等,ACL 中文研讨会
paper_zh_0305,代码生成与大语言模型（扩展研究 17）,代码生成与大语言模型。本研究在更大规模数据集上进行了额外实验验证，提供了理论分析补充。系统性评估了方法在不同场景下的适用性和局限性。,强化学习,11002,2022,周涛 等,自然语言处理前沿
paper_zh_0306,因果推断在推荐系统中的应用（扩展研究 28）,因果推断在推荐系统中的应用。本研究在更大规模数据集上进行了额外实验验证，提供了理论分析补充。系统性评估了方法在不同场景下的适用性和局限性。,计算机视觉,15893,2023,赵磊 等,人工智能学报
paper_zh_0307,因果推断在推荐系统中的应用（扩展研究 46）,因果推断在推荐系统中的应用。本研究在更大规模数据集上进行了额外实验验证，提供了理论分析补充。系统性评估了方法在不同场景下的适用性和局限性。,计算机视觉,16262,2023,郑宇 等,AAAI
paper_zh_0308,分布式训练系统优化策略（扩展研究 34）,分布式训练系统优化策略。本研究在更大规模数据集上进行了额外实验验证，提供了理论分析补充。系统性评估了方法在不同场景下的适用性和局限性。,数据系统,5900,2022,周涛 等,数据挖掘与知识发现
paper_zh_0309,分布式训练系统优化策略（扩展研究 8）,分布式训练系统优化策略。本研究在更大规模数据集上进行了额外实验验证，提供了理论分析补充。系统性评估了方法在不同场景下的适用性和局限性。,自然语言处理,12077,2024,陈晨 等,数据挖掘与知识发现
paper_zh_0310,自监督学习前沿进展（扩展研究 44）,自监督学习前沿进展。本研究在更大规模数据集上进行了额外实验验证，提供了理论分析补充。系统性评估了方法在不同场景下的适用性和局限性。,强化学习,17123,2022,周涛 等,数据挖掘与知识发现
paper_zh_0311,多模态预训练模型进展（扩展研究 16）,多模态预训练模型进展。本研究在更大规模数据集上进行了额外实验验证，提供了理论分析补充。系统性评估了方法在不同场景下的适用性和局限性。,机器学习,6174,2022,陈晨 等,中国计算机大会
paper_zh_0312,Apache Arrow 列式内存格式优化研究（扩展研究 40）,Apache Arrow 列式内存格式优化研究。本研究在更大规模数据集上进行了额外实验验证，提供了理论分析补充。系统性评估了方法在不同场景下的适用性和局限性。,自然语言处理,7418,2023,王强 等,NeurIPS
paper_zh_0313,向量数据库技术选型与实践（扩展研究 31）,向量数据库技术选型与实践。本研究在更大规模数据集上进行了额外实验验证，提供了理论分析补充。系统性评估了方法在不同场景下的适用性和局限性。,数据系统,10695,2023,张伟 等,人工智能学报
paper_zh_0314,中文文本分类与情感分析综述（扩展研究 4）,中文文本分类与情感分析综述。本研究在更大规模数据集上进行了额外实验验证，提供了理论分析补充。系统性评估了方法在不同场景下的适用性和局限性。,强化学习,8557,2024,孙鹏 等,AAAI
paper_zh_0315,基于图神经网络的推荐系统（扩展研究 8）,基于图神经网络的推荐系统。本研究在更大规模数据集上进行了额外实验验证，提供了理论分析补充。系统性评估了方法在不同场景下的适用性和局限性。,强化学习,5323,2022,吴昊 等,NeurIPS
paper_zh_0316,多模态预训练模型进展（扩展研究 7）,多模态预训练模型进展。本研究在更大规模数据集上进行了额外实验验证，提供了理论分析补充。系统性评估了方法在不同场景下的适用性和局限性。,自然语言处理,6011,2022,赵磊 等,中国计算机大会
paper_zh_0317,分布式训练系统优化策略（扩展研究 10）,分布式训练系统优化策略。本研究在更大规模数据集上进行了额外实验验证，提供了理论分析补充。系统性评估了方法在不同场景下的适用性和局限性。,自然语言处理,12714,2024,郑宇 等,ACL 中文研讨会
paper_zh_0318,联邦学习隐私保护技术（扩展研究 43）,联邦学习隐私保护技术。本研究在更大规模数据集上进行了额外实验验证，提供了理论分析补充。系统性评估了方法在不同场景下的适用性和局限性。,机器学习,8783,2024,赵磊 等,自然语言处理前沿
paper_zh_0319,检索增强生成企业智能客服应用（扩展研究 35）,检索增强生成企业智能客服应用。本研究在更大规模数据集上进行了额外实验验证，提供了理论分析补充。系统性评估了方法在不同场景下的适用性和局限性。,计算机视觉,15766,2022,周涛 等,人工智能学报
paper_zh_0320,联邦学习隐私保护技术（扩展研究 32）,联邦学习隐私保护技术。本研究在更大规模数据集上进行了额外实验验证，提供了理论分析补充。系统性评估了方法在不同场景下的适用性和局限性。,数据系统,17018,2023,王强 等,ACL 中文研讨会
paper_zh_0321,Apache Arrow 列式内存格式优化研究（扩展研究 22）,Apache Arrow 列式内存格式优化研究。本研究在更大规模数据集上进行了额外实验验证，提供了理论分析补充。系统性评估了方法在不同场景下的适用性和局限性。,图机器学习,15455,2023,刘洋 等,人工智能学报
paper_zh_0322,自监督学习前沿进展（扩展研究 42）,自监督学习前沿进展。本研究在更大规模数据集上进行了额外实验验证，提供了理论分析补充。系统性评估了方法在不同场景下的适用性和局限性。,自然语言处理,11484,2022,王强 等,数据挖掘与知识发现
paper_zh_0323,多模态预训练模型进展（扩展研究 15）,多模态预训练模型进展。本研究在更大规模数据集上进行了额外实验验证，提供了理论分析补充。系统性评估了方法在不同场景下的适用性和局限性。,数据系统,13960,2023,郑宇 等,ACL 中文研讨会
paper_zh_0324,自监督学习前沿进展（扩展研究 24）,自监督学习前沿进展。本研究在更大规模数据集上进行了额外实验验证，提供了理论分析补充。系统性评估了方法在不同场景下的适用性和局限性。,机器学习,5961,2022,张伟 等,ACL 中文研讨会
paper_zh_0325,大语言模型知识图谱构建综述（扩展研究 33）,大语言模型知识图谱构建综述。本研究在更大规模数据集上进行了额外实验验证，提供了理论分析补充。系统性评估了方法在不同场景下的适用性和局限性。,数据系统,11225,2022,李明 等,AAAI
paper_zh_0326,代码生成与大语言模型（扩展研究 42）,代码生成与大语言模型。本研究在更大规模数据集上进行了额外实验验证，提供了理论分析补充。系统性评估了方法在不同场景下的适用性和局限性。,自然语言处理,14266,2023,吴昊 等,NeurIPS
paper_zh_0327,时间序列异常检测方法对比（扩展研究 26）,时间序列异常检测方法对比。本研究在更大规模数据集上进行了额外实验验证，提供了理论分析补充。系统性评估了方法在不同场景下的适用性和局限性。,图机器学习,16944,2023,刘洋 等,人工智能学报
paper_zh_0328,向量数据库技术选型与实践（扩展研究 25）,向量数据库技术选型与实践。本研究在更大规模数据集上进行了额外实验验证，提供了理论分析补充。系统性评估了方法在不同场景下的适用性和局限性。,数据系统,9840,2023,刘洋 等,中国计算机大会
paper_zh_0329,基于图神经网络的推荐系统（扩展研究 13）,基于图神经网络的推荐系统。本研究在更大规模数据集上进行了额外实验验证，提供了理论分析补充。系统性评估了方法在不同场景下的适用性和局限性。,机器学习,4070,2024,郑宇 等,自然语言处理前沿
paper_zh_0330,向量数据库技术选型与实践（扩展研究 37）,向量数据库技术选型与实践。本研究在更大规模数据集上进行了额外实验验证，提供了理论分析补充。系统性评估了方法在不同场景下的适用性和局限性。,自然语言处理,11424,2022,张伟 等,数据挖掘与知识发现
paper_zh_0331,基于图神经网络的推荐系统（扩展研究 5）,基于图神经网络的推荐系统。本研究在更大规模数据集上进行了额外实验验证，提供了理论分析补充。系统性评估了方法在不同场景下的适用性和局限性。,图机器学习,11803,2024,刘洋 等,人工智能学报
paper_zh_0332,联邦学习隐私保护技术（扩展研究 30）,联邦学习隐私保护技术。本研究在更大规模数据集上进行了额外实验验证，提供了理论分析补充。系统性评估了方法在不同场景下的适用性和局限性。,自然语言处理,17926,2022,李明 等,ACL 中文研讨会
paper_zh_0333,联邦学习隐私保护技术（扩展研究 14）,联邦学习隐私保护技术。本研究在更大规模数据集上进行了额外实验验证，提供了理论分析补充。系统性评估了方法在不同场景下的适用性和局限性。,图机器学习,8508,2022,陈晨 等,自然语言处理前沿
paper_zh_0334,大语言模型知识图谱构建综述（扩展研究 12）,大语言模型知识图谱构建综述。本研究在更大规模数据集上进行了额外实验验证，提供了理论分析补充。系统性评估了方法在不同场景下的适用性和局限性。,计算机视觉,15212,2024,周涛 等,数据挖掘与知识发现
paper_zh_0335,因果推断在推荐系统中的应用（扩展研究 42）,因果推断在推荐系统中的应用。本研究在更大规模数据集上进行了额外实验验证，提供了理论分析补充。系统性评估了方法在不同场景下的适用性和局限性。,计算机视觉,17589,2024,张伟 等,自然语言处理前沿
paper_zh_0336,深度学习在医疗影像中的应用（扩展研究 36）,深度学习在医疗影像中的应用。本研究在更大规模数据集上进行了额外实验验证，提供了理论分析补充。系统性评估了方法在不同场景下的适用性和局限性。,自然语言处理,15733,2022,张伟 等,自然语言处理前沿
paper_zh_0337,联邦学习隐私保护技术（扩展研究 11）,联邦学习隐私保护技术。本研究在更大规模数据集上进行了额外实验验证，提供了理论分析补充。系统性评估了方法在不同场景下的适用性和局限性。,机器学习,6831,2022,吴昊 等,数据挖掘与知识发现
paper_zh_0338,联邦学习隐私保护技术（扩展研究 7）,联邦学习隐私保护技术。本研究在更大规模数据集上进行了额外实验验证，提供了理论分析补充。系统性评估了方法在不同场景下的适用性和局限性。,强化学习,6566,2022,吴昊 等,自然语言处理前沿
paper_zh_0339,基于图神经网络的推荐系统（扩展研究 13）,基于图神经网络的推荐系统。本研究在更大规模数据集上进行了额外实验验证，提供了理论分析补充。系统性评估了方法在不同场景下的适用性和局限性。,计算机视觉,8019,2024,赵磊 等,自然语言处理前沿
paper_zh_0340,知识蒸馏模型压缩技术（扩展研究 4）,知识蒸馏模型压缩技术。本研究在更大规模数据集上进行了额外实验验证，提供了理论分析补充。系统性评估了方法在不同场景下的适用性和局限性。,数据系统,6152,2022,刘洋 等,中国计算机大会
paper_zh_0341,知识蒸馏模型压缩技术（扩展研究 41）,知识蒸馏模型压缩技术。本研究在更大规模数据集上进行了额外实验验证，提供了理论分析补充。系统性评估了方法在不同场景下的适用性和局限性。,计算机视觉,16775,2024,吴昊 等,数据挖掘与知识发现
paper_zh_0342,基于图神经网络的推荐系统（扩展研究 9）,基于图神经网络的推荐系统。本研究在更大规模数据集上进行了额外实验验证，提供了理论分析补充。系统性评估了方法在不同场景下的适用性和局限性。,数据系统,11540,2023,周涛 等,人工智能学报
paper_zh_0343,大语言模型知识图谱构建综述（扩展研究 14）,大语言模型知识图谱构建综述。本研究在更大规模数据集上进行了额外实验验证，提供了理论分析补充。系统性评估了方法在不同场景下的适用性和局限性。,图机器学习,6741,2022,张伟 等,人工智能学报
paper_zh_0344,多模态预训练模型进展（扩展研究 36）,多模态预训练模型进展。本研究在更大规模数据集上进行了额外实验验证，提供了理论分析补充。系统性评估了方法在不同场景下的适用性和局限性。,图机器学习,4928,2023,张伟 等,自然语言处理前沿
paper_zh_0345,向量数据库技术选型与实践（扩展研究 31）,向量数据库技术选型与实践。本研究在更大规模数据集上进行了额外实验验证，提供了理论分析补充。系统性评估了方法在不同场景下的适用性和局限性。,计算机视觉,9508,2022,王强 等,人工智能学报
paper_zh_0346,中文文本分类与情感分析综述（扩展研究 9）,中文文本分类与情感分析综述。本研究在更大规模数据集上进行了额外实验验证，提供了理论分析补充。系统性评估了方法在不同场景下的适用性和局限性。,强化学习,7621,2022,张伟 等,NeurIPS
paper_zh_0347,时间序列异常检测方法对比（扩展研究 36）,时间序列异常检测方法对比。本研究在更大规模数据集上进行了额外实验验证，提供了理论分析补充。系统性评估了方法在不同场景下的适用性和局限性。,图机器学习,10933,2023,赵磊 等,自然语言处理前沿
paper_zh_0348,知识蒸馏模型压缩技术（扩展研究 33）,知识蒸馏模型压缩技术。本研究在更大规模数据集上进行了额外实验验证，提供了理论分析补充。系统性评估了方法在不同场景下的适用性和局限性。,强化学习,9317,2023,吴昊 等,AAAI
paper_zh_0349,因果推断在推荐系统中的应用（扩展研究 23）,因果推断在推荐系统中的应用。本研究在更大规模数据集上进行了额外实验验证，提供了理论分析补充。系统性评估了方法在不同场景下的适用性和局限性。,机器学习,13421,2022,陈晨 等,AAAI
paper_zh_0350,中文文本分类与情感分析综述（扩展研究 41）,中文文本分类与情感分析综述。本研究在更大规模数据集上进行了额外实验验证，提供了理论分析补充。系统性评估了方法在不同场景下的适用性和局限性。,机器学习,17579,2023,王强 等,ACL 中文研讨会
paper_zh_0351,深度学习在医疗影像中的应用（扩展研究 41）,深度学习在医疗影像中的应用。本研究在更大规模数据集上进行了额外实验验证，提供了理论分析补充。系统性评估了方法在不同场景下的适用性和局限性。,数据系统,8772,2024,孙鹏 等,ACL 中文研讨会
paper_zh_0352,检索增强生成企业智能客服应用（扩展研究 34）,检索增强生成企业智能客服应用。本研究在更大规模数据集上进行了额外实验验证，提供了理论分析补充。系统性评估了方法在不同场景下的适用性和局限性。,数据系统,11032,2023,李明 等,自然语言处理前沿
paper_zh_0353,中文文本分类与情感分析综述（扩展研究 46）,中文文本分类与情感分析综述。本研究在更大规模数据集上进行了额外实验验证，提供了理论分析补充。系统性评估了方法在不同场景下的适用性和局限性。,机器学习,6200,2022,陈晨 等,人工智能学报
paper_zh_0354,时间序列异常检测方法对比（扩展研究 37）,时间序列异常检测方法对比。本研究在更大规模数据集上进行了额外实验验证，提供了理论分析补充。系统性评估了方法在不同场景下的适用性和局限性。,自然语言处理,8430,2024,赵磊 等,中国计算机大会
paper_zh_0355,分布式训练系统优化策略（扩展研究 18）,分布式训练系统优化策略。本研究在更大规模数据集上进行了额外实验验证，提供了理论分析补充。系统性评估了方法在不同场景下的适用性和局限性。,强化学习,10575,2022,李明 等,NeurIPS
paper_zh_0356,中文文本分类与情感分析综述（扩展研究 44）,中文文本分类与情感分析综述。本研究在更大规模数据集上进行了额外实验验证，提供了理论分析补充。系统性评估了方法在不同场景下的适用性和局限性。,数据系统,7168,2023,郑宇 等,人工智能学报
paper_zh_0357,自监督学习前沿进展（扩展研究 38）,自监督学习前沿进展。本研究在更大规模数据集上进行了额外实验验证，提供了理论分析补充。系统性评估了方法在不同场景下的适用性和局限性。,自然语言处理,8694,2022,孙鹏 等,人工智能学报
paper_zh_0358,知识蒸馏模型压缩技术（扩展研究 26）,知识蒸馏模型压缩技术。本研究在更大规模数据集上进行了额外实验验证，提供了理论分析补充。系统性评估了方法在不同场景下的适用性和局限性。,强化学习,11358,2023,张伟 等,NeurIPS
paper_zh_0359,代码生成与大语言模型（扩展研究 45）,代码生成与大语言模型。本研究在更大规模数据集上进行了额外实验验证，提供了理论分析补充。系统性评估了方法在不同场景下的适用性和局限性。,图机器学习,13170,2024,孙鹏 等,自然语言处理前沿
paper_zh_0360,分布式训练系统优化策略（扩展研究 46）,分布式训练系统优化策略。本研究在更大规模数据集上进行了额外实验验证，提供了理论分析补充。系统性评估了方法在不同场景下的适用性和局限性。,图机器学习,17695,2023,吴昊 等,AAAI
paper_zh_0361,中文文本分类与情感分析综述（扩展研究 41）,中文文本分类与情感分析综述。本研究在更大规模数据集上进行了额外实验验证，提供了理论分析补充。系统性评估了方法在不同场景下的适用性和局限性。,数据系统,5234,2022,张伟 等,NeurIPS
paper_zh_0362,知识蒸馏模型压缩技术（扩展研究 29）,知识蒸馏模型压缩技术。本研究在更大规模数据集上进行了额外实验验证，提供了理论分析补充。系统性评估了方法在不同场景下的适用性和局限性。,强化学习,11499,2024,王强 等,NeurIPS
paper_zh_0363,向量数据库技术选型与实践（扩展研究 34）,向量数据库技术选型与实践。本研究在更大规模数据集上进行了额外实验验证，提供了理论分析补充。系统性评估了方法在不同场景下的适用性和局限性。,计算机视觉,11333,2024,刘洋 等,数据挖掘与知识发现
paper_zh_0364,联邦学习隐私保护技术（扩展研究 36）,联邦学习隐私保护技术。本研究在更大规模数据集上进行了额外实验验证，提供了理论分析补充。系统性评估了方法在不同场景下的适用性和局限性。,图机器学习,14013,2023,刘洋 等,NeurIPS
paper_zh_0365,大语言模型知识图谱构建综述（扩展研究 6）,大语言模型知识图谱构建综述。本研究在更大规模数据集上进行了额外实验验证，提供了理论分析补充。系统性评估了方法在不同场景下的适用性和局限性。,数据系统,6623,2023,郑宇 等,ACL 中文研讨会
paper_zh_0366,深度学习在医疗影像中的应用（扩展研究 49）,深度学习在医疗影像中的应用。本研究在更大规模数据集上进行了额外实验验证，提供了理论分析补充。系统性评估了方法在不同场景下的适用性和局限性。,机器学习,8357,2023,郑宇 等,自然语言处理前沿
paper_zh_0367,代码生成与大语言模型（扩展研究 18）,代码生成与大语言模型。本研究在更大规模数据集上进行了额外实验验证，提供了理论分析补充。系统性评估了方法在不同场景下的适用性和局限性。,自然语言处理,8044,2023,吴昊 等,中国计算机大会
paper_zh_0368,联邦学习隐私保护技术（扩展研究 2）,联邦学习隐私保护技术。本研究在更大规模数据集上进行了额外实验验证，提供了理论分析补充。系统性评估了方法在不同场景下的适用性和局限性。,计算机视觉,8796,2022,周涛 等,数据挖掘与知识发现
paper_zh_0369,Apache Arrow 列式内存格式优化研究（扩展研究 26）,Apache Arrow 列式内存格式优化研究。本研究在更大规模数据集上进行了额外实验验证，提供了理论分析补充。系统性评估了方法在不同场景下的适用性和局限性。,图机器学习,9645,2022,吴昊 等,人工智能学报
paper_zh_0370,基于图神经网络的推荐系统（扩展研究 27）,基于图神经网络的推荐系统。本研究在更大规模数据集上进行了额外实验验证，提供了理论分析补充。系统性评估了方法在不同场景下的适用性和局限性。,数据系统,16883,2024,王强 等,NeurIPS
paper_zh_0371,代码生成与大语言模型（扩展研究 39）,代码生成与大语言模型。本研究在更大规模数据集上进行了额外实验验证，提供了理论分析补充。系统性评估了方法在不同场景下的适用性和局限性。,强化学习,6286,2022,刘洋 等,数据挖掘与知识发现
paper_zh_0372,检索增强生成企业智能客服应用（扩展研究 32）,检索增强生成企业智能客服应用。本研究在更大规模数据集上进行了额外实验验证，提供了理论分析补充。系统性评估了方法在不同场景下的适用性和局限性。,强化学习,7413,2023,周涛 等,中国计算机大会
paper_zh_0373,基于图神经网络的推荐系统（扩展研究 26）,基于图神经网络的推荐系统。本研究在更大规模数据集上进行了额外实验验证，提供了理论分析补充。系统性评估了方法在不同场景下的适用性和局限性。,自然语言处理,11926,2022,李明 等,ACL 中文研讨会
paper_zh_0374,大语言模型知识图谱构建综述（扩展研究 3）,大语言模型知识图谱构建综述。本研究在更大规模数据集上进行了额外实验验证，提供了理论分析补充。系统性评估了方法在不同场景下的适用性和局限性。,自然语言处理,13053,2023,周涛 等,数据挖掘与知识发现
paper_zh_0375,自监督学习前沿进展（扩展研究 38）,自监督学习前沿进展。本研究在更大规模数据集上进行了额外实验验证，提供了理论分析补充。系统性评估了方法在不同场景下的适用性和局限性。,图机器学习,9716,2024,李明 等,AAAI
paper_zh_0376,检索增强生成企业智能客服应用（扩展研究 47）,检索增强生成企业智能客服应用。本研究在更大规模数据集上进行了额外实验验证，提供了理论分析补充。系统性评估了方法在不同场景下的适用性和局限性。,自然语言处理,8996,2022,赵磊 等,人工智能学报
paper_zh_0377,深度学习在医疗影像中的应用（扩展研究 3）,深度学习在医疗影像中的应用。本研究在更大规模数据集上进行了额外实验验证，提供了理论分析补充。系统性评估了方法在不同场景下的适用性和局限性。,数据系统,4113,2024,吴昊 等,人工智能学报
paper_zh_0378,自监督学习前沿进展（扩展研究 2）,自监督学习前沿进展。本研究在更大规模数据集上进行了额外实验验证，提供了理论分析补充。系统性评估了方法在不同场景下的适用性和局限性。,强化学习,9466,2023,吴昊 等,ACL 中文研讨会
paper_zh_0379,时间序列异常检测方法对比（扩展研究 40）,时间序列异常检测方法对比。本研究在更大规模数据集上进行了额外实验验证，提供了理论分析补充。系统性评估了方法在不同场景下的适用性和局限性。,数据系统,4756,2024,刘洋 等,中国计算机大会
paper_zh_0380,代码生成与大语言模型（扩展研究 19）,代码生成与大语言模型。本研究在更大规模数据集上进行了额外实验验证，提供了理论分析补充。系统性评估了方法在不同场景下的适用性和局限性。,自然语言处理,5198,2022,孙鹏 等,AAAI
paper_zh_0381,Apache Arrow 列式内存格式优化研究（扩展研究 10）,Apache Arrow 列式内存格式优化研究。本研究在更大规模数据集上进行了额外实验验证，提供了理论分析补充。系统性评估了方法在不同场景下的适用性和局限性。,强化学习,13638,2024,赵磊 等,NeurIPS
paper_zh_0382,代码生成与大语言模型（扩展研究 36）,代码生成与大语言模型。本研究在更大规模数据集上进行了额外实验验证，提供了理论分析补充。系统性评估了方法在不同场景下的适用性和局限性。,强化学习,8373,2024,郑宇 等,人工智能学报
paper_zh_0383,自监督学习前沿进展（扩展研究 48）,自监督学习前沿进展。本研究在更大规模数据集上进行了额外实验验证，提供了理论分析补充。系统性评估了方法在不同场景下的适用性和局限性。,数据系统,17151,2023,张伟 等,数据挖掘与知识发现
paper_zh_0384,知识蒸馏模型压缩技术（扩展研究 4）,知识蒸馏模型压缩技术。本研究在更大规模数据集上进行了额外实验验证，提供了理论分析补充。系统性评估了方法在不同场景下的适用性和局限性。,数据系统,10982,2022,张伟 等,NeurIPS
paper_zh_0385,深度学习在医疗影像中的应用（扩展研究 8）,深度学习在医疗影像中的应用。本研究在更大规模数据集上进行了额外实验验证，提供了理论分析补充。系统性评估了方法在不同场景下的适用性和局限性。,计算机视觉,17624,2023,刘洋 等,ACL 中文研讨会
paper_zh_0386,大语言模型知识图谱构建综述（扩展研究 5）,大语言模型知识图谱构建综述。本研究在更大规模数据集上进行了额外实验验证，提供了理论分析补充。系统性评估了方法在不同场景下的适用性和局限性。,数据系统,16843,2023,郑宇 等,中国计算机大会
paper_zh_0387,自监督学习前沿进展（扩展研究 44）,自监督学习前沿进展。本研究在更大规模数据集上进行了额外实验验证，提供了理论分析补充。系统性评估了方法在不同场景下的适用性和局限性。,强化学习,11998,2023,陈晨 等,ACL 中文研讨会
paper_zh_0388,多模态预训练模型进展（扩展研究 30）,多模态预训练模型进展。本研究在更大规模数据集上进行了额外实验验证，提供了理论分析补充。系统性评估了方法在不同场景下的适用性和局限性。,数据系统,5350,2024,孙鹏 等,ACL 中文研讨会
paper_zh_0389,代码生成与大语言模型（扩展研究 46）,代码生成与大语言模型。本研究在更大规模数据集上进行了额外实验验证，提供了理论分析补充。系统性评估了方法在不同场景下的适用性和局限性。,图机器学习,11510,2023,王强 等,人工智能学报
paper_zh_0390,代码生成与大语言模型（扩展研究 24）,代码生成与大语言模型。本研究在更大规模数据集上进行了额外实验验证，提供了理论分析补充。系统性评估了方法在不同场景下的适用性和局限性。,机器学习,11831,2024,周涛 等,人工智能学报
paper_zh_0391,自监督学习前沿进展（扩展研究 2）,自监督学习前沿进展。本研究在更大规模数据集上进行了额外实验验证，提供了理论分析补充。系统性评估了方法在不同场景下的适用性和局限性。,计算机视觉,16108,2023,陈晨 等,AAAI
paper_zh_0392,深度学习在医疗影像中的应用（扩展研究 29）,深度学习在医疗影像中的应用。本研究在更大规模数据集上进行了额外实验验证，提供了理论分析补充。系统性评估了方法在不同场景下的适用性和局限性。,图机器学习,5997,2024,王强 等,AAAI
paper_zh_0393,分布式训练系统优化策略（扩展研究 33）,分布式训练系统优化策略。本研究在更大规模数据集上进行了额外实验验证，提供了理论分析补充。系统性评估了方法在不同场景下的适用性和局限性。,图机器学习,9039,2022,陈晨 等,ACL 中文研讨会
paper_zh_0394,多模态预训练模型进展（扩展研究 25）,多模态预训练模型进展。本研究在更大规模数据集上进行了额外实验验证，提供了理论分析补充。系统性评估了方法在不同场景下的适用性和局限性。,数据系统,7831,2024,李明 等,AAAI
paper_zh_0395,分布式训练系统优化策略（扩展研究 48）,分布式训练系统优化策略。本研究在更大规模数据集上进行了额外实验验证，提供了理论分析补充。系统性评估了方法在不同场景下的适用性和局限性。,机器学习,13901,2024,吴昊 等,NeurIPS
paper_zh_0396,深度学习在医疗影像中的应用（扩展研究 15）,深度学习在医疗影像中的应用。本研究在更大规模数据集上进行了额外实验验证，提供了理论分析补充。系统性评估了方法在不同场景下的适用性和局限性。,自然语言处理,15613,2023,郑宇 等,ACL 中文研讨会
paper_zh_0397,时间序列异常检测方法对比（扩展研究 12）,时间序列异常检测方法对比。本研究在更大规模数据集上进行了额外实验验证，提供了理论分析补充。系统性评估了方法在不同场景下的适用性和局限性。,机器学习,6234,2022,刘洋 等,自然语言处理前沿
paper_zh_0398,自监督学习前沿进展（扩展研究 35）,自监督学习前沿进展。本研究在更大规模数据集上进行了额外实验验证，提供了理论分析补充。系统性评估了方法在不同场景下的适用性和局限性。,图机器学习,17775,2022,李明 等,AAAI
paper_zh_0399,知识蒸馏模型压缩技术（扩展研究 3）,知识蒸馏模型压缩技术。本研究在更大规模数据集上进行了额外实验验证，提供了理论分析补充。系统性评估了方法在不同场景下的适用性和局限性。,图机器学习,4234,2023,李明 等,ACL 中文研讨会
paper_zh_0400,时间序列异常检测方法对比（扩展研究 46）,时间序列异常检测方法对比。本研究在更大规模数据集上进行了额外实验验证，提供了理论分析补充。系统性评估了方法在不同场景下的适用性和局限性。,自然语言处理,4110,2023,陈晨 等,自然语言处理前沿
paper_zh_0401,代码生成与大语言模型（扩展研究 24）,代码生成与大语言模型。本研究在更大规模数据集上进行了额外实验验证，提供了理论分析补充。系统性评估了方法在不同场景下的适用性和局限性。,计算机视觉,10879,2023,周涛 等,中国计算机大会
paper_zh_0402,自监督学习前沿进展（扩展研究 44）,自监督学习前沿进展。本研究在更大规模数据集上进行了额外实验验证，提供了理论分析补充。系统性评估了方法在不同场景下的适用性和局限性。,计算机视觉,8356,2022,周涛 等,数据挖掘与知识发现
paper_zh_0403,深度学习在医疗影像中的应用（扩展研究 26）,深度学习在医疗影像中的应用。本研究在更大规模数据集上进行了额外实验验证，提供了理论分析补充。系统性评估了方法在不同场景下的适用性和局限性。,强化学习,4115,2023,赵磊 等,NeurIPS
paper_zh_0404,因果推断在推荐系统中的应用（扩展研究 16）,因果推断在推荐系统中的应用。本研究在更大规模数据集上进行了额外实验验证，提供了理论分析补充。系统性评估了方法在不同场景下的适用性和局限性。,图机器学习,13449,2022,李明 等,NeurIPS
paper_zh_0405,自监督学习前沿进展（扩展研究 49）,自监督学习前沿进展。本研究在更大规模数据集上进行了额外实验验证，提供了理论分析补充。系统性评估了方法在不同场景下的适用性和局限性。,强化学习,9080,2023,周涛 等,数据挖掘与知识发现
paper_zh_0406,联邦学习隐私保护技术（扩展研究 44）,联邦学习隐私保护技术。本研究在更大规模数据集上进行了额外实验验证，提供了理论分析补充。系统性评估了方法在不同场景下的适用性和局限性。,数据系统,11374,2023,赵磊 等,人工智能学报
paper_zh_0407,分布式训练系统优化策略（扩展研究 29）,分布式训练系统优化策略。本研究在更大规模数据集上进行了额外实验验证，提供了理论分析补充。系统性评估了方法在不同场景下的适用性和局限性。,数据系统,10305,2023,陈晨 等,NeurIPS
paper_zh_0408,大语言模型知识图谱构建综述（扩展研究 37）,大语言模型知识图谱构建综述。本研究在更大规模数据集上进行了额外实验验证，提供了理论分析补充。系统性评估了方法在不同场景下的适用性和局限性。,数据系统,9780,2022,张伟 等,自然语言处理前沿
paper_zh_0409,分布式训练系统优化策略（扩展研究 23）,分布式训练系统优化策略。本研究在更大规模数据集上进行了额外实验验证，提供了理论分析补充。系统性评估了方法在不同场景下的适用性和局限性。,强化学习,17924,2024,王强 等,自然语言处理前沿
paper_zh_0410,中文文本分类与情感分析综述（扩展研究 23）,中文文本分类与情感分析综述。本研究在更大规模数据集上进行了额外实验验证，提供了理论分析补充。系统性评估了方法在不同场景下的适用性和局限性。,数据系统,9253,2022,李明 等,NeurIPS
paper_zh_0411,大语言模型知识图谱构建综述（扩展研究 20）,大语言模型知识图谱构建综述。本研究在更大规模数据集上进行了额外实验验证，提供了理论分析补充。系统性评估了方法在不同场景下的适用性和局限性。,计算机视觉,13391,2024,吴昊 等,自然语言处理前沿
paper_zh_0412,多模态预训练模型进展（扩展研究 10）,多模态预训练模型进展。本研究在更大规模数据集上进行了额外实验验证，提供了理论分析补充。系统性评估了方法在不同场景下的适用性和局限性。,数据系统,13720,2024,吴昊 等,NeurIPS
paper_zh_0413,联邦学习隐私保护技术（扩展研究 25）,联邦学习隐私保护技术。本研究在更大规模数据集上进行了额外实验验证，提供了理论分析补充。系统性评估了方法在不同场景下的适用性和局限性。,自然语言处理,8900,2024,陈晨 等,ACL 中文研讨会
paper_zh_0414,大语言模型知识图谱构建综述（扩展研究 29）,大语言模型知识图谱构建综述。本研究在更大规模数据集上进行了额外实验验证，提供了理论分析补充。系统性评估了方法在不同场景下的适用性和局限性。,自然语言处理,5261,2024,吴昊 等,AAAI
paper_zh_0415,大语言模型知识图谱构建综述（扩展研究 28）,大语言模型知识图谱构建综述。本研究在更大规模数据集上进行了额外实验验证，提供了理论分析补充。系统性评估了方法在不同场景下的适用性和局限性。,强化学习,13950,2022,郑宇 等,人工智能学报
paper_zh_0416,联邦学习隐私保护技术（扩展研究 45）,联邦学习隐私保护技术。本研究在更大规模数据集上进行了额外实验验证，提供了理论分析补充。系统性评估了方法在不同场景下的适用性和局限性。,图机器学习,7803,2024,吴昊 等,NeurIPS
paper_zh_0417,中文文本分类与情感分析综述（扩展研究 4）,中文文本分类与情感分析综述。本研究在更大规模数据集上进行了额外实验验证，提供了理论分析补充。系统性评估了方法在不同场景下的适用性和局限性。,强化学习,5010,2023,周涛 等,ACL 中文研讨会
paper_zh_0418,深度学习在医疗影像中的应用（扩展研究 29）,深度学习在医疗影像中的应用。本研究在更大规模数据集上进行了额外实验验证，提供了理论分析补充。系统性评估了方法在不同场景下的适用性和局限性。,计算机视觉,7312,2024,张伟 等,ACL 中文研讨会
paper_zh_0419,知识蒸馏模型压缩技术（扩展研究 7）,知识蒸馏模型压缩技术。本研究在更大规模数据集上进行了额外实验验证，提供了理论分析补充。系统性评估了方法在不同场景下的适用性和局限性。,自然语言处理,8209,2022,张伟 等,ACL 中文研讨会
paper_zh_0420,多模态预训练模型进展（扩展研究 46）,多模态预训练模型进展。本研究在更大规模数据集上进行了额外实验验证，提供了理论分析补充。系统性评估了方法在不同场景下的适用性和局限性。,机器学习,7111,2024,刘洋 等,ACL 中文研讨会
paper_zh_0421,代码生成与大语言模型（扩展研究 7）,代码生成与大语言模型。本研究在更大规模数据集上进行了额外实验验证，提供了理论分析补充。系统性评估了方法在不同场景下的适用性和局限性。,机器学习,5777,2022,吴昊 等,AAAI
paper_zh_0422,大语言模型知识图谱构建综述（扩展研究 27）,大语言模型知识图谱构建综述。本研究在更大规模数据集上进行了额外实验验证，提供了理论分析补充。系统性评估了方法在不同场景下的适用性和局限性。,强化学习,9794,2023,吴昊 等,自然语言处理前沿
paper_zh_0423,基于图神经网络的推荐系统（扩展研究 35）,基于图神经网络的推荐系统。本研究在更大规模数据集上进行了额外实验验证，提供了理论分析补充。系统性评估了方法在不同场景下的适用性和局限性。,计算机视觉,12161,2023,赵磊 等,ACL 中文研讨会
paper_zh_0424,中文文本分类与情感分析综述（扩展研究 24）,中文文本分类与情感分析综述。本研究在更大规模数据集上进行了额外实验验证，提供了理论分析补充。系统性评估了方法在不同场景下的适用性和局限性。,强化学习,6514,2024,孙鹏 等,中国计算机大会
paper_zh_0425,向量数据库技术选型与实践（扩展研究 19）,向量数据库技术选型与实践。本研究在更大规模数据集上进行了额外实验验证，提供了理论分析补充。系统性评估了方法在不同场景下的适用性和局限性。,计算机视觉,7159,2023,郑宇 等,NeurIPS
paper_zh_0426,基于图神经网络的推荐系统（扩展研究 31）,基于图神经网络的推荐系统。本研究在更大规模数据集上进行了额外实验验证，提供了理论分析补充。系统性评估了方法在不同场景下的适用性和局限性。,计算机视觉,15591,2024,刘洋 等,AAAI
paper_zh_0427,代码生成与大语言模型（扩展研究 30）,代码生成与大语言模型。本研究在更大规模数据集上进行了额外实验验证，提供了理论分析补充。系统性评估了方法在不同场景下的适用性和局限性。,机器学习,13369,2024,刘洋 等,数据挖掘与知识发现
paper_zh_0428,联邦学习隐私保护技术（扩展研究 47）,联邦学习隐私保护技术。本研究在更大规模数据集上进行了额外实验验证，提供了理论分析补充。系统性评估了方法在不同场景下的适用性和局限性。,图机器学习,5458,2024,刘洋 等,AAAI
paper_zh_0429,深度学习在医疗影像中的应用（扩展研究 29）,深度学习在医疗影像中的应用。本研究在更大规模数据集上进行了额外实验验证，提供了理论分析补充。系统性评估了方法在不同场景下的适用性和局限性。,计算机视觉,14119,2023,刘洋 等,数据挖掘与知识发现
paper_zh_0430,知识蒸馏模型压缩技术（扩展研究 36）,知识蒸馏模型压缩技术。本研究在更大规模数据集上进行了额外实验验证，提供了理论分析补充。系统性评估了方法在不同场景下的适用性和局限性。,自然语言处理,15666,2024,赵磊 等,数据挖掘与知识发现
paper_zh_0431,多模态预训练模型进展（扩展研究 29）,多模态预训练模型进展。本研究在更大规模数据集上进行了额外实验验证，提供了理论分析补充。系统性评估了方法在不同场景下的适用性和局限性。,强化学习,14883,2023,李明 等,NeurIPS
paper_zh_0432,多模态预训练模型进展（扩展研究 11）,多模态预训练模型进展。本研究在更大规模数据集上进行了额外实验验证，提供了理论分析补充。系统性评估了方法在不同场景下的适用性和局限性。,强化学习,9357,2024,孙鹏 等,中国计算机大会
paper_zh_0433,向量数据库技术选型与实践（扩展研究 40）,向量数据库技术选型与实践。本研究在更大规模数据集上进行了额外实验验证，提供了理论分析补充。系统性评估了方法在不同场景下的适用性和局限性。,强化学习,14071,2024,郑宇 等,中国计算机大会
paper_zh_0434,深度学习在医疗影像中的应用（扩展研究 10）,深度学习在医疗影像中的应用。本研究在更大规模数据集上进行了额外实验验证，提供了理论分析补充。系统性评估了方法在不同场景下的适用性和局限性。,强化学习,8321,2023,郑宇 等,AAAI
paper_zh_0435,联邦学习隐私保护技术（扩展研究 28）,联邦学习隐私保护技术。本研究在更大规模数据集上进行了额外实验验证，提供了理论分析补充。系统性评估了方法在不同场景下的适用性和局限性。,强化学习,15529,2022,郑宇 等,ACL 中文研讨会
paper_zh_0436,知识蒸馏模型压缩技术（扩展研究 45）,知识蒸馏模型压缩技术。本研究在更大规模数据集上进行了额外实验验证，提供了理论分析补充。系统性评估了方法在不同场景下的适用性和局限性。,数据系统,12792,2023,王强 等,NeurIPS
paper_zh_0437,自监督学习前沿进展（扩展研究 25）,自监督学习前沿进展。本研究在更大规模数据集上进行了额外实验验证，提供了理论分析补充。系统性评估了方法在不同场景下的适用性和局限性。,图机器学习,17705,2022,周涛 等,自然语言处理前沿
paper_zh_0438,Apache Arrow 列式内存格式优化研究（扩展研究 29）,Apache Arrow 列式内存格式优化研究。本研究在更大规模数据集上进行了额外实验验证，提供了理论分析补充。系统性评估了方法在不同场景下的适用性和局限性。,数据系统,11887,2024,郑宇 等,中国计算机大会
paper_zh_0439,自监督学习前沿进展（扩展研究 2）,自监督学习前沿进展。本研究在更大规模数据集上进行了额外实验验证，提供了理论分析补充。系统性评估了方法在不同场景下的适用性和局限性。,机器学习,6148,2024,周涛 等,人工智能学报
paper_zh_0440,因果推断在推荐系统中的应用（扩展研究 50）,因果推断在推荐系统中的应用。本研究在更大规模数据集上进行了额外实验验证，提供了理论分析补充。系统性评估了方法在不同场景下的适用性和局限性。,机器学习,4952,2024,郑宇 等,AAAI
paper_zh_0441,分布式训练系统优化策略（扩展研究 45）,分布式训练系统优化策略。本研究在更大规模数据集上进行了额外实验验证，提供了理论分析补充。系统性评估了方法在不同场景下的适用性和局限性。,强化学习,6084,2022,刘洋 等,自然语言处理前沿
paper_zh_0442,联邦学习隐私保护技术（扩展研究 12）,联邦学习隐私保护技术。本研究在更大规模数据集上进行了额外实验验证，提供了理论分析补充。系统性评估了方法在不同场景下的适用性和局限性。,强化学习,5652,2022,李明 等,人工智能学报
paper_zh_0443,时间序列异常检测方法对比（扩展研究 6）,时间序列异常检测方法对比。本研究在更大规模数据集上进行了额外实验验证，提供了理论分析补充。系统性评估了方法在不同场景下的适用性和局限性。,计算机视觉,13373,2022,陈晨 等,AAAI
paper_zh_0444,知识蒸馏模型压缩技术（扩展研究 26）,知识蒸馏模型压缩技术。本研究在更大规模数据集上进行了额外实验验证，提供了理论分析补充。系统性评估了方法在不同场景下的适用性和局限性。,强化学习,6810,2023,陈晨 等,NeurIPS
paper_zh_0445,检索增强生成企业智能客服应用（扩展研究 11）,检索增强生成企业智能客服应用。本研究在更大规模数据集上进行了额外实验验证，提供了理论分析补充。系统性评估了方法在不同场景下的适用性和局限性。,强化学习,4584,2022,孙鹏 等,AAAI
paper_zh_0446,深度学习在医疗影像中的应用（扩展研究 15）,深度学习在医疗影像中的应用。本研究在更大规模数据集上进行了额外实验验证，提供了理论分析补充。系统性评估了方法在不同场景下的适用性和局限性。,数据系统,14357,2022,郑宇 等,ACL 中文研讨会
paper_zh_0447,基于图神经网络的推荐系统（扩展研究 4）,基于图神经网络的推荐系统。本研究在更大规模数据集上进行了额外实验验证，提供了理论分析补充。系统性评估了方法在不同场景下的适用性和局限性。,强化学习,12551,2022,陈晨 等,ACL 中文研讨会
paper_zh_0448,检索增强生成企业智能客服应用（扩展研究 26）,检索增强生成企业智能客服应用。本研究在更大规模数据集上进行了额外实验验证，提供了理论分析补充。系统性评估了方法在不同场景下的适用性和局限性。,强化学习,6100,2023,刘洋 等,数据挖掘与知识发现
paper_zh_0449,向量数据库技术选型与实践（扩展研究 19）,向量数据库技术选型与实践。本研究在更大规模数据集上进行了额外实验验证，提供了理论分析补充。系统性评估了方法在不同场景下的适用性和局限性。,图机器学习,4237,2022,张伟 等,数据挖掘与知识发现
paper_zh_0450,基于图神经网络的推荐系统（扩展研究 22）,基于图神经网络的推荐系统。本研究在更大规模数据集上进行了额外实验验证，提供了理论分析补充。系统性评估了方法在不同场景下的适用性和局限性。,数据系统,13753,2024,陈晨 等,中国计算机大会
paper_zh_0451,中文文本分类与情感分析综述（扩展研究 12）,中文文本分类与情感分析综述。本研究在更大规模数据集上进行了额外实验验证，提供了理论分析补充。系统性评估了方法在不同场景下的适用性和局限性。,强化学习,5004,2022,陈晨 等,自然语言处理前沿
paper_zh_0452,Apache Arrow 列式内存格式优化研究（扩展研究 50）,Apache Arrow 列式内存格式优化研究。本研究在更大规模数据集上进行了额外实验验证，提供了理论分析补充。系统性评估了方法在不同场景下的适用性和局限性。,计算机视觉,9677,2022,周涛 等,AAAI
paper_zh_0453,大语言模型知识图谱构建综述（扩展研究 50）,大语言模型知识图谱构建综述。本研究在更大规模数据集上进行了额外实验验证，提供了理论分析补充。系统性评估了方法在不同场景下的适用性和局限性。,计算机视觉,16216,2024,刘洋 等,数据挖掘与知识发现
paper_zh_0454,检索增强生成企业智能客服应用（扩展研究 34）,检索增强生成企业智能客服应用。本研究在更大规模数据集上进行了额外实验验证，提供了理论分析补充。系统性评估了方法在不同场景下的适用性和局限性。,自然语言处理,4886,2024,郑宇 等,自然语言处理前沿
paper_zh_0455,大语言模型知识图谱构建综述（扩展研究 10）,大语言模型知识图谱构建综述。本研究在更大规模数据集上进行了额外实验验证，提供了理论分析补充。系统性评估了方法在不同场景下的适用性和局限性。,数据系统,8341,2023,张伟 等,AAAI
paper_zh_0456,向量数据库技术选型与实践（扩展研究 3）,向量数据库技术选型与实践。本研究在更大规模数据集上进行了额外实验验证，提供了理论分析补充。系统性评估了方法在不同场景下的适用性和局限性。,自然语言处理,14153,2022,周涛 等,NeurIPS
paper_zh_0457,时间序列异常检测方法对比（扩展研究 37）,时间序列异常检测方法对比。本研究在更大规模数据集上进行了额外实验验证，提供了理论分析补充。系统性评估了方法在不同场景下的适用性和局限性。,机器学习,6849,2022,赵磊 等,数据挖掘与知识发现
paper_zh_0458,Apache Arrow 列式内存格式优化研究（扩展研究 10）,Apache Arrow 列式内存格式优化研究。本研究在更大规模数据集上进行了额外实验验证，提供了理论分析补充。系统性评估了方法在不同场景下的适用性和局限性。,强化学习,16394,2023,周涛 等,数据挖掘与知识发现
paper_zh_0459,Apache Arrow 列式内存格式优化研究（扩展研究 33）,Apache Arrow 列式内存格式优化研究。本研究在更大规模数据集上进行了额外实验验证，提供了理论分析补充。系统性评估了方法在不同场景下的适用性和局限性。,强化学习,11146,2023,赵磊 等,AAAI
paper_zh_0460,深度学习在医疗影像中的应用（扩展研究 6）,深度学习在医疗影像中的应用。本研究在更大规模数据集上进行了额外实验验证，提供了理论分析补充。系统性评估了方法在不同场景下的适用性和局限性。,数据系统,11169,2022,周涛 等,AAAI
paper_zh_0461,Apache Arrow 列式内存格式优化研究（扩展研究 23）,Apache Arrow 列式内存格式优化研究。本研究在更大规模数据集上进行了额外实验验证，提供了理论分析补充。系统性评估了方法在不同场景下的适用性和局限性。,数据系统,9250,2023,吴昊 等,中国计算机大会
paper_zh_0462,联邦学习隐私保护技术（扩展研究 8）,联邦学习隐私保护技术。本研究在更大规模数据集上进行了额外实验验证，提供了理论分析补充。系统性评估了方法在不同场景下的适用性和局限性。,计算机视觉,6944,2023,孙鹏 等,NeurIPS
paper_zh_0463,基于图神经网络的推荐系统（扩展研究 45）,基于图神经网络的推荐系统。本研究在更大规模数据集上进行了额外实验验证，提供了理论分析补充。系统性评估了方法在不同场景下的适用性和局限性。,机器学习,8047,2024,刘洋 等,人工智能学报
paper_zh_0464,分布式训练系统优化策略（扩展研究 10）,分布式训练系统优化策略。本研究在更大规模数据集上进行了额外实验验证，提供了理论分析补充。系统性评估了方法在不同场景下的适用性和局限性。,图机器学习,13948,2023,王强 等,NeurIPS
paper_zh_0465,大语言模型知识图谱构建综述（扩展研究 10）,大语言模型知识图谱构建综述。本研究在更大规模数据集上进行了额外实验验证，提供了理论分析补充。系统性评估了方法在不同场景下的适用性和局限性。,强化学习,5130,2023,张伟 等,数据挖掘与知识发现
paper_zh_0466,Apache Arrow 列式内存格式优化研究（扩展研究 18）,Apache Arrow 列式内存格式优化研究。本研究在更大规模数据集上进行了额外实验验证，提供了理论分析补充。系统性评估了方法在不同场景下的适用性和局限性。,机器学习,17607,2022,刘洋 等,自然语言处理前沿
paper_zh_0467,深度学习在医疗影像中的应用（扩展研究 12）,深度学习在医疗影像中的应用。本研究在更大规模数据集上进行了额外实验验证，提供了理论分析补充。系统性评估了方法在不同场景下的适用性和局限性。,机器学习,11742,2024,吴昊 等,自然语言处理前沿
paper_zh_0468,代码生成与大语言模型（扩展研究 23）,代码生成与大语言模型。本研究在更大规模数据集上进行了额外实验验证，提供了理论分析补充。系统性评估了方法在不同场景下的适用性和局限性。,强化学习,12261,2022,陈晨 等,人工智能学报
paper_zh_0469,联邦学习隐私保护技术（扩展研究 14）,联邦学习隐私保护技术。本研究在更大规模数据集上进行了额外实验验证，提供了理论分析补充。系统性评估了方法在不同场景下的适用性和局限性。,数据系统,7526,2024,郑宇 等,中国计算机大会
paper_zh_0470,因果推断在推荐系统中的应用（扩展研究 40）,因果推断在推荐系统中的应用。本研究在更大规模数据集上进行了额外实验验证，提供了理论分析补充。系统性评估了方法在不同场景下的适用性和局限性。,自然语言处理,4711,2022,周涛 等,中国计算机大会
paper_zh_0471,因果推断在推荐系统中的应用（扩展研究 9）,因果推断在推荐系统中的应用。本研究在更大规模数据集上进行了额外实验验证，提供了理论分析补充。系统性评估了方法在不同场景下的适用性和局限性。,强化学习,6425,2023,赵磊 等,自然语言处理前沿
paper_zh_0472,因果推断在推荐系统中的应用（扩展研究 46）,因果推断在推荐系统中的应用。本研究在更大规模数据集上进行了额外实验验证，提供了理论分析补充。系统性评估了方法在不同场景下的适用性和局限性。,自然语言处理,16902,2023,赵磊 等,NeurIPS
paper_zh_0473,代码生成与大语言模型（扩展研究 7）,代码生成与大语言模型。本研究在更大规模数据集上进行了额外实验验证，提供了理论分析补充。系统性评估了方法在不同场景下的适用性和局限性。,强化学习,8715,2022,李明 等,人工智能学报
paper_zh_0474,向量数据库技术选型与实践（扩展研究 28）,向量数据库技术选型与实践。本研究在更大规模数据集上进行了额外实验验证，提供了理论分析补充。系统性评估了方法在不同场景下的适用性和局限性。,强化学习,15032,2022,王强 等,中国计算机大会
paper_zh_0475,深度学习在医疗影像中的应用（扩展研究 43）,深度学习在医疗影像中的应用。本研究在更大规模数据集上进行了额外实验验证，提供了理论分析补充。系统性评估了方法在不同场景下的适用性和局限性。,强化学习,15823,2024,赵磊 等,自然语言处理前沿
paper_zh_0476,大语言模型知识图谱构建综述（扩展研究 2）,大语言模型知识图谱构建综述。本研究在更大规模数据集上进行了额外实验验证，提供了理论分析补充。系统性评估了方法在不同场景下的适用性和局限性。,机器学习,15749,2023,陈晨 等,ACL 中文研讨会
paper_zh_0477,中文文本分类与情感分析综述（扩展研究 15）,中文文本分类与情感分析综述。本研究在更大规模数据集上进行了额外实验验证，提供了理论分析补充。系统性评估了方法在不同场景下的适用性和局限性。,数据系统,10427,2023,陈晨 等,AAAI
paper_zh_0478,自监督学习前沿进展（扩展研究 12）,自监督学习前沿进展。本研究在更大规模数据集上进行了额外实验验证，提供了理论分析补充。系统性评估了方法在不同场景下的适用性和局限性。,自然语言处理,16267,2024,孙鹏 等,自然语言处理前沿
paper_zh_0479,中文文本分类与情感分析综述（扩展研究 11）,中文文本分类与情感分析综述。本研究在更大规模数据集上进行了额外实验验证，提供了理论分析补充。系统性评估了方法在不同场景下的适用性和局限性。,机器学习,6560,2024,张伟 等,数据挖掘与知识发现
paper_zh_0480,联邦学习隐私保护技术（扩展研究 42）,联邦学习隐私保护技术。本研究在更大规模数据集上进行了额外实验验证，提供了理论分析补充。系统性评估了方法在不同场景下的适用性和局限性。,机器学习,6461,2022,周涛 等,NeurIPS
paper_zh_0481,多模态预训练模型进展（扩展研究 17）,多模态预训练模型进展。本研究在更大规模数据集上进行了额外实验验证，提供了理论分析补充。系统性评估了方法在不同场景下的适用性和局限性。,强化学习,9228,2022,周涛 等,自然语言处理前沿
paper_zh_0482,自监督学习前沿进展（扩展研究 42）,自监督学习前沿进展。本研究在更大规模数据集上进行了额外实验验证，提供了理论分析补充。系统性评估了方法在不同场景下的适用性和局限性。,机器学习,12311,2023,吴昊 等,AAAI
paper_zh_0483,联邦学习隐私保护技术（扩展研究 8）,联邦学习隐私保护技术。本研究在更大规模数据集上进行了额外实验验证，提供了理论分析补充。系统性评估了方法在不同场景下的适用性和局限性。,强化学习,4923,2024,刘洋 等,ACL 中文研讨会
paper_zh_0484,知识蒸馏模型压缩技术（扩展研究 25）,知识蒸馏模型压缩技术。本研究在更大规模数据集上进行了额外实验验证，提供了理论分析补充。系统性评估了方法在不同场景下的适用性和局限性。,图机器学习,7572,2022,张伟 等,中国计算机大会
paper_zh_0485,大语言模型知识图谱构建综述（扩展研究 5）,大语言模型知识图谱构建综述。本研究在更大规模数据集上进行了额外实验验证，提供了理论分析补充。系统性评估了方法在不同场景下的适用性和局限性。,图机器学习,14905,2023,刘洋 等,数据挖掘与知识发现
paper_zh_0486,基于图神经网络的推荐系统（扩展研究 34）,基于图神经网络的推荐系统。本研究在更大规模数据集上进行了额外实验验证，提供了理论分析补充。系统性评估了方法在不同场景下的适用性和局限性。,自然语言处理,15974,2023,周涛 等,NeurIPS
paper_zh_0487,中文文本分类与情感分析综述（扩展研究 27）,中文文本分类与情感分析综述。本研究在更大规模数据集上进行了额外实验验证，提供了理论分析补充。系统性评估了方法在不同场景下的适用性和局限性。,计算机视觉,10056,2024,孙鹏 等,中国计算机大会
paper_zh_0488,检索增强生成企业智能客服应用（扩展研究 37）,检索增强生成企业智能客服应用。本研究在更大规模数据集上进行了额外实验验证，提供了理论分析补充。系统性评估了方法在不同场景下的适用性和局限性。,数据系统,14781,2023,周涛 等,数据挖掘与知识发现
paper_zh_0489,Apache Arrow 列式内存格式优化研究（扩展研究 20）,Apache Arrow 列式内存格式优化研究。本研究在更大规模数据集上进行了额外实验验证，提供了理论分析补充。系统性评估了方法在不同场景下的适用性和局限性。,机器学习,8492,2023,刘洋 等,ACL 中文研讨会
paper_zh_0490,分布式训练系统优化策略（扩展研究 20）,分布式训练系统优化策略。本研究在更大规模数据集上进行了额外实验验证，提供了理论分析补充。系统性评估了方法在不同场景下的适用性和局限性。,自然语言处理,17435,2023,赵磊 等,数据挖掘与知识发现
paper_zh_0491,深度学习在医疗影像中的应用（扩展研究 35）,深度学习在医疗影像中的应用。本研究在更大规模数据集上进行了额外实验验证，提供了理论分析补充。系统性评估了方法在不同场景下的适用性和局限性。,强化学习,8670,2022,赵磊 等,AAAI
paper_zh_0492,深度学习在医疗影像中的应用（扩展研究 49）,深度学习在医疗影像中的应用。本研究在更大规模数据集上进行了额外实验验证，提供了理论分析补充。系统性评估了方法在不同场景下的适用性和局限性。,强化学习,7288,2023,李明 等,NeurIPS
paper_zh_0493,联邦学习隐私保护技术（扩展研究 15）,联邦学习隐私保护技术。本研究在更大规模数据集上进行了额外实验验证，提供了理论分析补充。系统性评估了方法在不同场景下的适用性和局限性。,计算机视觉,9137,2022,吴昊 等,AAAI
paper_zh_0494,知识蒸馏模型压缩技术（扩展研究 48）,知识蒸馏模型压缩技术。本研究在更大规模数据集上进行了额外实验验证，提供了理论分析补充。系统性评估了方法在不同场景下的适用性和局限性。,机器学习,17813,2023,孙鹏 等,自然语言处理前沿
paper_zh_0495,深度学习在医疗影像中的应用（扩展研究 24）,深度学习在医疗影像中的应用。本研究在更大规模数据集上进行了额外实验验证，提供了理论分析补充。系统性评估了方法在不同场景下的适用性和局限性。,强化学习,15528,2024,赵磊 等,自然语言处理前沿
paper_zh_0496,基于图神经网络的推荐系统（扩展研究 28）,基于图神经网络的推荐系统。本研究在更大规模数据集上进行了额外实验验证，提供了理论分析补充。系统性评估了方法在不同场景下的适用性和局限性。,数据系统,4206,2022,刘洋 等,数据挖掘与知识发现
paper_zh_0497,联邦学习隐私保护技术（扩展研究 49）,联邦学习隐私保护技术。本研究在更大规模数据集上进行了额外实验验证，提供了理论分析补充。系统性评估了方法在不同场景下的适用性和局限性。,自然语言处理,9157,2022,王强 等,自然语言处理前沿
paper_zh_0498,分布式训练系统优化策略（扩展研究 19）,分布式训练系统优化策略。本研究在更大规模数据集上进行了额外实验验证，提供了理论分析补充。系统性评估了方法在不同场景下的适用性和局限性。,数据系统,12451,2023,王强 等,中国计算机大会
paper_zh_0499,因果推断在推荐系统中的应用（扩展研究 12）,因果推断在推荐系统中的应用。本研究在更大规模数据集上进行了额外实验验证，提供了理论分析补充。系统性评估了方法在不同场景下的适用性和局限性。,机器学习,7014,2022,赵磊 等,中国计算机大会
paper_zh_0500,中文文本分类与情感分析综述（扩展研究 23）,中文文本分类与情感分析综述。本研究在更大规模数据集上进行了额外实验验证，提供了理论分析补充。系统性评估了方法在不同场景下的适用性和局限性。,强化学习,9785,2023,郑宇 等,数据挖掘与知识发现
paper_zh_0501,自监督学习前沿进展（扩展研究 48）,自监督学习前沿进展。本研究在更大规模数据集上进行了额外实验验证，提供了理论分析补充。系统性评估了方法在不同场景下的适用性和局限性。,计算机视觉,7243,2023,王强 等,ACL 中文研讨会
paper_zh_0502,深度学习在医疗影像中的应用（扩展研究 28）,深度学习在医疗影像中的应用。本研究在更大规模数据集上进行了额外实验验证，提供了理论分析补充。系统性评估了方法在不同场景下的适用性和局限性。,数据系统,4738,2023,李明 等,AAAI
paper_zh_0503,代码生成与大语言模型（扩展研究 29）,代码生成与大语言模型。本研究在更大规模数据集上进行了额外实验验证，提供了理论分析补充。系统性评估了方法在不同场景下的适用性和局限性。,自然语言处理,9028,2022,张伟 等,ACL 中文研讨会
paper_zh_0504,自监督学习前沿进展（扩展研究 32）,自监督学习前沿进展。本研究在更大规模数据集上进行了额外实验验证，提供了理论分析补充。系统性评估了方法在不同场景下的适用性和局限性。,图机器学习,4757,2024,李明 等,ACL 中文研讨会
paper_zh_0505,检索增强生成企业智能客服应用（扩展研究 13）,检索增强生成企业智能客服应用。本研究在更大规模数据集上进行了额外实验验证，提供了理论分析补充。系统性评估了方法在不同场景下的适用性和局限性。,数据系统,13672,2024,王强 等,中国计算机大会
paper_zh_0506,因果推断在推荐系统中的应用（扩展研究 14）,因果推断在推荐系统中的应用。本研究在更大规模数据集上进行了额外实验验证，提供了理论分析补充。系统性评估了方法在不同场景下的适用性和局限性。,机器学习,9926,2024,王强 等,AAAI
paper_zh_0507,Apache Arrow 列式内存格式优化研究（扩展研究 40）,Apache Arrow 列式内存格式优化研究。本研究在更大规模数据集上进行了额外实验验证，提供了理论分析补充。系统性评估了方法在不同场景下的适用性和局限性。,强化学习,6503,2022,郑宇 等,数据挖掘与知识发现
paper_zh_0508,大语言模型知识图谱构建综述（扩展研究 7）,大语言模型知识图谱构建综述。本研究在更大规模数据集上进行了额外实验验证，提供了理论分析补充。系统性评估了方法在不同场景下的适用性和局限性。,计算机视觉,15735,2024,陈晨 等,自然语言处理前沿
paper_zh_0509,代码生成与大语言模型（扩展研究 10）,代码生成与大语言模型。本研究在更大规模数据集上进行了额外实验验证，提供了理论分析补充。系统性评估了方法在不同场景下的适用性和局限性。,数据系统,13125,2023,张伟 等,NeurIPS
paper_zh_0510,时间序列异常检测方法对比（扩展研究 43）,时间序列异常检测方法对比。本研究在更大规模数据集上进行了额外实验验证，提供了理论分析补充。系统性评估了方法在不同场景下的适用性和局限性。,数据系统,14938,2024,赵磊 等,ACL 中文研讨会
paper_zh_0511,大语言模型知识图谱构建综述（扩展研究 36）,大语言模型知识图谱构建综述。本研究在更大规模数据集上进行了额外实验验证，提供了理论分析补充。系统性评估了方法在不同场景下的适用性和局限性。,图机器学习,11665,2024,刘洋 等,数据挖掘与知识发现
paper_zh_0512,中文文本分类与情感分析综述（扩展研究 50）,中文文本分类与情感分析综述。本研究在更大规模数据集上进行了额外实验验证，提供了理论分析补充。系统性评估了方法在不同场景下的适用性和局限性。,强化学习,12172,2023,周涛 等,数据挖掘与知识发现
paper_zh_0513,大语言模型知识图谱构建综述（扩展研究 5）,大语言模型知识图谱构建综述。本研究在更大规模数据集上进行了额外实验验证，提供了理论分析补充。系统性评估了方法在不同场景下的适用性和局限性。,图机器学习,11181,2024,王强 等,AAAI
paper_zh_0514,深度学习在医疗影像中的应用（扩展研究 29）,深度学习在医疗影像中的应用。本研究在更大规模数据集上进行了额外实验验证，提供了理论分析补充。系统性评估了方法在不同场景下的适用性和局限性。,计算机视觉,10424,2023,郑宇 等,AAAI
paper_zh_0515,多模态预训练模型进展（扩展研究 16）,多模态预训练模型进展。本研究在更大规模数据集上进行了额外实验验证，提供了理论分析补充。系统性评估了方法在不同场景下的适用性和局限性。,强化学习,11068,2024,张伟 等,数据挖掘与知识发现
paper_zh_0516,时间序列异常检测方法对比（扩展研究 21）,时间序列异常检测方法对比。本研究在更大规模数据集上进行了额外实验验证，提供了理论分析补充。系统性评估了方法在不同场景下的适用性和局限性。,图机器学习,7446,2024,孙鹏 等,自然语言处理前沿
paper_zh_0517,代码生成与大语言模型（扩展研究 45）,代码生成与大语言模型。本研究在更大规模数据集上进行了额外实验验证，提供了理论分析补充。系统性评估了方法在不同场景下的适用性和局限性。,自然语言处理,16179,2023,张伟 等,自然语言处理前沿
paper_zh_0518,基于图神经网络的推荐系统（扩展研究 39）,基于图神经网络的推荐系统。本研究在更大规模数据集上进行了额外实验验证，提供了理论分析补充。系统性评估了方法在不同场景下的适用性和局限性。,计算机视觉,6961,2023,孙鹏 等,ACL 中文研讨会
paper_zh_0519,联邦学习隐私保护技术（扩展研究 13）,联邦学习隐私保护技术。本研究在更大规模数据集上进行了额外实验验证，提供了理论分析补充。系统性评估了方法在不同场景下的适用性和局限性。,图机器学习,10176,2023,郑宇 等,人工智能学报
paper_zh_0520,Apache Arrow 列式内存格式优化研究（扩展研究 11）,Apache Arrow 列式内存格式优化研究。本研究在更大规模数据集上进行了额外实验验证，提供了理论分析补充。系统性评估了方法在不同场景下的适用性和局限性。,自然语言处理,9364,2023,王强 等,NeurIPS
paper_zh_0521,时间序列异常检测方法对比（扩展研究 21）,时间序列异常检测方法对比。本研究在更大规模数据集上进行了额外实验验证，提供了理论分析补充。系统性评估了方法在不同场景下的适用性和局限性。,自然语言处理,15761,2023,吴昊 等,人工智能学报
paper_zh_0522,因果推断在推荐系统中的应用（扩展研究 47）,因果推断在推荐系统中的应用。本研究在更大规模数据集上进行了额外实验验证，提供了理论分析补充。系统性评估了方法在不同场景下的适用性和局限性。,强化学习,6713,2023,张伟 等,数据挖掘与知识发现
paper_zh_0523,中文文本分类与情感分析综述（扩展研究 31）,中文文本分类与情感分析综述。本研究在更大规模数据集上进行了额外实验验证，提供了理论分析补充。系统性评估了方法在不同场景下的适用性和局限性。,强化学习,6897,2022,刘洋 等,AAAI
paper_zh_0524,中文文本分类与情感分析综述（扩展研究 29）,中文文本分类与情感分析综述。本研究在更大规模数据集上进行了额外实验验证，提供了理论分析补充。系统性评估了方法在不同场景下的适用性和局限性。,强化学习,10818,2023,李明 等,中国计算机大会
paper_zh_0525,向量数据库技术选型与实践（扩展研究 21）,向量数据库技术选型与实践。本研究在更大规模数据集上进行了额外实验验证，提供了理论分析补充。系统性评估了方法在不同场景下的适用性和局限性。,计算机视觉,13822,2024,孙鹏 等,中国计算机大会
paper_zh_0526,大语言模型知识图谱构建综述（扩展研究 26）,大语言模型知识图谱构建综述。本研究在更大规模数据集上进行了额外实验验证，提供了理论分析补充。系统性评估了方法在不同场景下的适用性和局限性。,图机器学习,12408,2023,王强 等,自然语言处理前沿
paper_zh_0527,深度学习在医疗影像中的应用（扩展研究 50）,深度学习在医疗影像中的应用。本研究在更大规模数据集上进行了额外实验验证，提供了理论分析补充。系统性评估了方法在不同场景下的适用性和局限性。,图机器学习,16104,2024,吴昊 等,数据挖掘与知识发现
paper_zh_0528,联邦学习隐私保护技术（扩展研究 41）,联邦学习隐私保护技术。本研究在更大规模数据集上进行了额外实验验证，提供了理论分析补充。系统性评估了方法在不同场景下的适用性和局限性。,图机器学习,6775,2023,陈晨 等,自然语言处理前沿
paper_zh_0529,代码生成与大语言模型（扩展研究 3）,代码生成与大语言模型。本研究在更大规模数据集上进行了额外实验验证，提供了理论分析补充。系统性评估了方法在不同场景下的适用性和局限性。,计算机视觉,16352,2022,郑宇 等,AAAI
paper_zh_0530,多模态预训练模型进展（扩展研究 29）,多模态预训练模型进展。本研究在更大规模数据集上进行了额外实验验证，提供了理论分析补充。系统性评估了方法在不同场景下的适用性和局限性。,机器学习,14184,2024,赵磊 等,NeurIPS
paper_zh_0531,Apache Arrow 列式内存格式优化研究（扩展研究 44）,Apache Arrow 列式内存格式优化研究。本研究在更大规模数据集上进行了额外实验验证，提供了理论分析补充。系统性评估了方法在不同场景下的适用性和局限性。,机器学习,8910,2023,张伟 等,人工智能学报
paper_zh_0532,多模态预训练模型进展（扩展研究 16）,多模态预训练模型进展。本研究在更大规模数据集上进行了额外实验验证，提供了理论分析补充。系统性评估了方法在不同场景下的适用性和局限性。,图机器学习,15393,2024,刘洋 等,人工智能学报
paper_zh_0533,多模态预训练模型进展（扩展研究 17）,多模态预训练模型进展。本研究在更大规模数据集上进行了额外实验验证，提供了理论分析补充。系统性评估了方法在不同场景下的适用性和局限性。,机器学习,12920,2022,李明 等,NeurIPS
paper_zh_0534,分布式训练系统优化策略（扩展研究 14）,分布式训练系统优化策略。本研究在更大规模数据集上进行了额外实验验证，提供了理论分析补充。系统性评估了方法在不同场景下的适用性和局限性。,图机器学习,8388,2023,孙鹏 等,自然语言处理前沿
paper_zh_0535,知识蒸馏模型压缩技术（扩展研究 10）,知识蒸馏模型压缩技术。本研究在更大规模数据集上进行了额外实验验证，提供了理论分析补充。系统性评估了方法在不同场景下的适用性和局限性。,机器学习,14574,2022,周涛 等,NeurIPS
paper_zh_0536,知识蒸馏模型压缩技术（扩展研究 17）,知识蒸馏模型压缩技术。本研究在更大规模数据集上进行了额外实验验证，提供了理论分析补充。系统性评估了方法在不同场景下的适用性和局限性。,图机器学习,14348,2024,吴昊 等,人工智能学报
paper_zh_0537,向量数据库技术选型与实践（扩展研究 45）,向量数据库技术选型与实践。本研究在更大规模数据集上进行了额外实验验证，提供了理论分析补充。系统性评估了方法在不同场景下的适用性和局限性。,机器学习,6584,2022,张伟 等,中国计算机大会
paper_zh_0538,Apache Arrow 列式内存格式优化研究（扩展研究 8）,Apache Arrow 列式内存格式优化研究。本研究在更大规模数据集上进行了额外实验验证，提供了理论分析补充。系统性评估了方法在不同场景下的适用性和局限性。,数据系统,12211,2023,王强 等,中国计算机大会
paper_zh_0539,时间序列异常检测方法对比（扩展研究 11）,时间序列异常检测方法对比。本研究在更大规模数据集上进行了额外实验验证，提供了理论分析补充。系统性评估了方法在不同场景下的适用性和局限性。,机器学习,7939,2024,李明 等,AAAI
paper_zh_0540,Apache Arrow 列式内存格式优化研究（扩展研究 6）,Apache Arrow 列式内存格式优化研究。本研究在更大规模数据集上进行了额外实验验证，提供了理论分析补充。系统性评估了方法在不同场景下的适用性和局限性。,自然语言处理,7192,2022,孙鹏 等,数据挖掘与知识发现
paper_zh_0541,Apache Arrow 列式内存格式优化研究（扩展研究 45）,Apache Arrow 列式内存格式优化研究。本研究在更大规模数据集上进行了额外实验验证，提供了理论分析补充。系统性评估了方法在不同场景下的适用性和局限性。,强化学习,5090,2023,张伟 等,自然语言处理前沿
paper_zh_0542,检索增强生成企业智能客服应用（扩展研究 7）,检索增强生成企业智能客服应用。本研究在更大规模数据集上进行了额外实验验证，提供了理论分析补充。系统性评估了方法在不同场景下的适用性和局限性。,图机器学习,6751,2023,张伟 等,ACL 中文研讨会
paper_zh_0543,向量数据库技术选型与实践（扩展研究 37）,向量数据库技术选型与实践。本研究在更大规模数据集上进行了额外实验验证，提供了理论分析补充。系统性评估了方法在不同场景下的适用性和局限性。,自然语言处理,13745,2023,周涛 等,ACL 中文研讨会
paper_zh_0544,自监督学习前沿进展（扩展研究 9）,自监督学习前沿进展。本研究在更大规模数据集上进行了额外实验验证，提供了理论分析补充。系统性评估了方法在不同场景下的适用性和局限性。,机器学习,6997,2024,赵磊 等,自然语言处理前沿
paper_zh_0545,代码生成与大语言模型（扩展研究 17）,代码生成与大语言模型。本研究在更大规模数据集上进行了额外实验验证，提供了理论分析补充。系统性评估了方法在不同场景下的适用性和局限性。,机器学习,5600,2024,周涛 等,NeurIPS
paper_zh_0546,基于图神经网络的推荐系统（扩展研究 27）,基于图神经网络的推荐系统。本研究在更大规模数据集上进行了额外实验验证，提供了理论分析补充。系统性评估了方法在不同场景下的适用性和局限性。,强化学习,13425,2024,张伟 等,中国计算机大会
paper_zh_0547,大语言模型知识图谱构建综述（扩展研究 46）,大语言模型知识图谱构建综述。本研究在更大规模数据集上进行了额外实验验证，提供了理论分析补充。系统性评估了方法在不同场景下的适用性和局限性。,强化学习,5723,2024,郑宇 等,数据挖掘与知识发现
paper_zh_0548,向量数据库技术选型与实践（扩展研究 31）,向量数据库技术选型与实践。本研究在更大规模数据集上进行了额外实验验证，提供了理论分析补充。系统性评估了方法在不同场景下的适用性和局限性。,强化学习,10163,2023,刘洋 等,人工智能学报
paper_zh_0549,中文文本分类与情感分析综述（扩展研究 21）,中文文本分类与情感分析综述。本研究在更大规模数据集上进行了额外实验验证，提供了理论分析补充。系统性评估了方法在不同场景下的适用性和局限性。,自然语言处理,12676,2022,陈晨 等,ACL 中文研讨会
paper_zh_0550,代码生成与大语言模型（扩展研究 32）,代码生成与大语言模型。本研究在更大规模数据集上进行了额外实验验证，提供了理论分析补充。系统性评估了方法在不同场景下的适用性和局限性。,图机器学习,5863,2023,李明 等,AAAI
paper_zh_0551,分布式训练系统优化策略（扩展研究 33）,分布式训练系统优化策略。本研究在更大规模数据集上进行了额外实验验证，提供了理论分析补充。系统性评估了方法在不同场景下的适用性和局限性。,计算机视觉,8988,2023,郑宇 等,中国计算机大会
paper_zh_0552,联邦学习隐私保护技术（扩展研究 42）,联邦学习隐私保护技术。本研究在更大规模数据集上进行了额外实验验证，提供了理论分析补充。系统性评估了方法在不同场景下的适用性和局限性。,机器学习,4959,2024,吴昊 等,NeurIPS
paper_zh_0553,检索增强生成企业智能客服应用（扩展研究 32）,检索增强生成企业智能客服应用。本研究在更大规模数据集上进行了额外实验验证，提供了理论分析补充。系统性评估了方法在不同场景下的适用性和局限性。,机器学习,6304,2024,王强 等,中国计算机大会
paper_zh_0554,大语言模型知识图谱构建综述（扩展研究 4）,大语言模型知识图谱构建综述。本研究在更大规模数据集上进行了额外实验验证，提供了理论分析补充。系统性评估了方法在不同场景下的适用性和局限性。,计算机视觉,14211,2022,吴昊 等,中国计算机大会
paper_zh_0555,代码生成与大语言模型（扩展研究 48）,代码生成与大语言模型。本研究在更大规模数据集上进行了额外实验验证，提供了理论分析补充。系统性评估了方法在不同场景下的适用性和局限性。,图机器学习,7311,2023,郑宇 等,数据挖掘与知识发现
paper_zh_0556,检索增强生成企业智能客服应用（扩展研究 15）,检索增强生成企业智能客服应用。本研究在更大规模数据集上进行了额外实验验证，提供了理论分析补充。系统性评估了方法在不同场景下的适用性和局限性。,机器学习,6748,2022,孙鹏 等,数据挖掘与知识发现
paper_zh_0557,大语言模型知识图谱构建综述（扩展研究 3）,大语言模型知识图谱构建综述。本研究在更大规模数据集上进行了额外实验验证，提供了理论分析补充。系统性评估了方法在不同场景下的适用性和局限性。,强化学习,10138,2024,刘洋 等,ACL 中文研讨会
paper_zh_0558,分布式训练系统优化策略（扩展研究 6）,分布式训练系统优化策略。本研究在更大规模数据集上进行了额外实验验证，提供了理论分析补充。系统性评估了方法在不同场景下的适用性和局限性。,计算机视觉,12951,2022,王强 等,数据挖掘与知识发现
paper_zh_0559,知识蒸馏模型压缩技术（扩展研究 24）,知识蒸馏模型压缩技术。本研究在更大规模数据集上进行了额外实验验证，提供了理论分析补充。系统性评估了方法在不同场景下的适用性和局限性。,强化学习,7062,2024,周涛 等,NeurIPS
paper_zh_0560,基于图神经网络的推荐系统（扩展研究 11）,基于图神经网络的推荐系统。本研究在更大规模数据集上进行了额外实验验证，提供了理论分析补充。系统性评估了方法在不同场景下的适用性和局限性。,自然语言处理,14740,2022,王强 等,中国计算机大会
paper_zh_0561,向量数据库技术选型与实践（扩展研究 8）,向量数据库技术选型与实践。本研究在更大规模数据集上进行了额外实验验证，提供了理论分析补充。系统性评估了方法在不同场景下的适用性和局限性。,自然语言处理,11154,2023,郑宇 等,AAAI
paper_zh_0562,中文文本分类与情感分析综述（扩展研究 12）,中文文本分类与情感分析综述。本研究在更大规模数据集上进行了额外实验验证，提供了理论分析补充。系统性评估了方法在不同场景下的适用性和局限性。,强化学习,12669,2024,刘洋 等,ACL 中文研讨会
paper_zh_0563,联邦学习隐私保护技术（扩展研究 45）,联邦学习隐私保护技术。本研究在更大规模数据集上进行了额外实验验证，提供了理论分析补充。系统性评估了方法在不同场景下的适用性和局限性。,数据系统,4435,2022,李明 等,NeurIPS
paper_zh_0564,多模态预训练模型进展（扩展研究 9）,多模态预训练模型进展。本研究在更大规模数据集上进行了额外实验验证，提供了理论分析补充。系统性评估了方法在不同场景下的适用性和局限性。,数据系统,5850,2023,周涛 等,人工智能学报
paper_zh_0565,多模态预训练模型进展（扩展研究 28）,多模态预训练模型进展。本研究在更大规模数据集上进行了额外实验验证，提供了理论分析补充。系统性评估了方法在不同场景下的适用性和局限性。,强化学习,16072,2022,郑宇 等,中国计算机大会
paper_zh_0566,基于图神经网络的推荐系统（扩展研究 8）,基于图神经网络的推荐系统。本研究在更大规模数据集上进行了额外实验验证，提供了理论分析补充。系统性评估了方法在不同场景下的适用性和局限性。,自然语言处理,9457,2022,吴昊 等,NeurIPS
paper_zh_0567,知识蒸馏模型压缩技术（扩展研究 12）,知识蒸馏模型压缩技术。本研究在更大规模数据集上进行了额外实验验证，提供了理论分析补充。系统性评估了方法在不同场景下的适用性和局限性。,计算机视觉,11082,2023,刘洋 等,人工智能学报
paper_zh_0568,检索增强生成企业智能客服应用（扩展研究 12）,检索增强生成企业智能客服应用。本研究在更大规模数据集上进行了额外实验验证，提供了理论分析补充。系统性评估了方法在不同场景下的适用性和局限性。,机器学习,4668,2024,郑宇 等,AAAI
paper_zh_0569,联邦学习隐私保护技术（扩展研究 45）,联邦学习隐私保护技术。本研究在更大规模数据集上进行了额外实验验证，提供了理论分析补充。系统性评估了方法在不同场景下的适用性和局限性。,机器学习,17220,2023,刘洋 等,数据挖掘与知识发现
paper_zh_0570,中文文本分类与情感分析综述（扩展研究 45）,中文文本分类与情感分析综述。本研究在更大规模数据集上进行了额外实验验证，提供了理论分析补充。系统性评估了方法在不同场景下的适用性和局限性。,机器学习,4195,2023,刘洋 等,中国计算机大会
paper_zh_0571,多模态预训练模型进展（扩展研究 19）,多模态预训练模型进展。本研究在更大规模数据集上进行了额外实验验证，提供了理论分析补充。系统性评估了方法在不同场景下的适用性和局限性。,图机器学习,16768,2022,张伟 等,数据挖掘与知识发现
paper_zh_0572,大语言模型知识图谱构建综述（扩展研究 30）,大语言模型知识图谱构建综述。本研究在更大规模数据集上进行了额外实验验证，提供了理论分析补充。系统性评估了方法在不同场景下的适用性和局限性。,计算机视觉,9281,2023,张伟 等,自然语言处理前沿
paper_zh_0573,多模态预训练模型进展（扩展研究 22）,多模态预训练模型进展。本研究在更大规模数据集上进行了额外实验验证，提供了理论分析补充。系统性评估了方法在不同场景下的适用性和局限性。,计算机视觉,6683,2024,陈晨 等,NeurIPS
paper_zh_0574,联邦学习隐私保护技术（扩展研究 5）,联邦学习隐私保护技术。本研究在更大规模数据集上进行了额外实验验证，提供了理论分析补充。系统性评估了方法在不同场景下的适用性和局限性。,数据系统,7812,2023,吴昊 等,AAAI
paper_zh_0575,联邦学习隐私保护技术（扩展研究 41）,联邦学习隐私保护技术。本研究在更大规模数据集上进行了额外实验验证，提供了理论分析补充。系统性评估了方法在不同场景下的适用性和局限性。,数据系统,12063,2022,张伟 等,自然语言处理前沿
paper_zh_0576,分布式训练系统优化策略（扩展研究 16）,分布式训练系统优化策略。本研究在更大规模数据集上进行了额外实验验证，提供了理论分析补充。系统性评估了方法在不同场景下的适用性和局限性。,强化学习,4388,2024,周涛 等,NeurIPS
paper_zh_0577,时间序列异常检测方法对比（扩展研究 20）,时间序列异常检测方法对比。本研究在更大规模数据集上进行了额外实验验证，提供了理论分析补充。系统性评估了方法在不同场景下的适用性和局限性。,计算机视觉,17611,2022,赵磊 等,自然语言处理前沿
paper_zh_0578,基于图神经网络的推荐系统（扩展研究 22）,基于图神经网络的推荐系统。本研究在更大规模数据集上进行了额外实验验证，提供了理论分析补充。系统性评估了方法在不同场景下的适用性和局限性。,自然语言处理,15761,2022,李明 等,NeurIPS
paper_zh_0579,联邦学习隐私保护技术（扩展研究 12）,联邦学习隐私保护技术。本研究在更大规模数据集上进行了额外实验验证，提供了理论分析补充。系统性评估了方法在不同场景下的适用性和局限性。,自然语言处理,11447,2024,郑宇 等,NeurIPS
paper_zh_0580,代码生成与大语言模型（扩展研究 48）,代码生成与大语言模型。本研究在更大规模数据集上进行了额外实验验证，提供了理论分析补充。系统性评估了方法在不同场景下的适用性和局限性。,自然语言处理,6253,2024,王强 等,自然语言处理前沿
paper_zh_0581,向量数据库技术选型与实践（扩展研究 46）,向量数据库技术选型与实践。本研究在更大规模数据集上进行了额外实验验证，提供了理论分析补充。系统性评估了方法在不同场景下的适用性和局限性。,机器学习,12964,2022,王强 等,中国计算机大会
paper_zh_0582,向量数据库技术选型与实践（扩展研究 7）,向量数据库技术选型与实践。本研究在更大规模数据集上进行了额外实验验证，提供了理论分析补充。系统性评估了方法在不同场景下的适用性和局限性。,计算机视觉,16311,2022,李明 等,人工智能学报
paper_zh_0583,中文文本分类与情感分析综述（扩展研究 3）,中文文本分类与情感分析综述。本研究在更大规模数据集上进行了额外实验验证，提供了理论分析补充。系统性评估了方法在不同场景下的适用性和局限性。,自然语言处理,10998,2022,孙鹏 等,自然语言处理前沿
paper_zh_0584,向量数据库技术选型与实践（扩展研究 41）,向量数据库技术选型与实践。本研究在更大规模数据集上进行了额外实验验证，提供了理论分析补充。系统性评估了方法在不同场景下的适用性和局限性。,机器学习,13773,2022,赵磊 等,中国计算机大会
paper_zh_0585,中文文本分类与情感分析综述（扩展研究 4）,中文文本分类与情感分析综述。本研究在更大规模数据集上进行了额外实验验证，提供了理论分析补充。系统性评估了方法在不同场景下的适用性和局限性。,自然语言处理,10573,2023,李明 等,中国计算机大会
paper_zh_0586,联邦学习隐私保护技术（扩展研究 42）,联邦学习隐私保护技术。本研究在更大规模数据集上进行了额外实验验证，提供了理论分析补充。系统性评估了方法在不同场景下的适用性和局限性。,强化学习,15686,2023,周涛 等,人工智能学报
paper_zh_0587,分布式训练系统优化策略（扩展研究 7）,分布式训练系统优化策略。本研究在更大规模数据集上进行了额外实验验证，提供了理论分析补充。系统性评估了方法在不同场景下的适用性和局限性。,机器学习,11551,2022,孙鹏 等,AAAI
paper_zh_0588,基于图神经网络的推荐系统（扩展研究 30）,基于图神经网络的推荐系统。本研究在更大规模数据集上进行了额外实验验证，提供了理论分析补充。系统性评估了方法在不同场景下的适用性和局限性。,图机器学习,13285,2023,吴昊 等,自然语言处理前沿
paper_zh_0589,Apache Arrow 列式内存格式优化研究（扩展研究 42）,Apache Arrow 列式内存格式优化研究。本研究在更大规模数据集上进行了额外实验验证，提供了理论分析补充。系统性评估了方法在不同场景下的适用性和局限性。,数据系统,14770,2022,王强 等,人工智能学报
paper_zh_0590,自监督学习前沿进展（扩展研究 5）,自监督学习前沿进展。本研究在更大规模数据集上进行了额外实验验证，提供了理论分析补充。系统性评估了方法在不同场景下的适用性和局限性。,计算机视觉,11337,2024,郑宇 等,中国计算机大会
paper_zh_0591,时间序列异常检测方法对比（扩展研究 21）,时间序列异常检测方法对比。本研究在更大规模数据集上进行了额外实验验证，提供了理论分析补充。系统性评估了方法在不同场景下的适用性和局限性。,计算机视觉,12896,2024,李明 等,ACL 中文研讨会
paper_zh_0592,时间序列异常检测方法对比（扩展研究 35）,时间序列异常检测方法对比。本研究在更大规模数据集上进行了额外实验验证，提供了理论分析补充。系统性评估了方法在不同场景下的适用性和局限性。,图机器学习,5973,2024,张伟 等,中国计算机大会
paper_zh_0593,知识蒸馏模型压缩技术（扩展研究 19）,知识蒸馏模型压缩技术。本研究在更大规模数据集上进行了额外实验验证，提供了理论分析补充。系统性评估了方法在不同场景下的适用性和局限性。,机器学习,17450,2023,孙鹏 等,NeurIPS
paper_zh_0594,深度学习在医疗影像中的应用（扩展研究 31）,深度学习在医疗影像中的应用。本研究在更大规模数据集上进行了额外实验验证，提供了理论分析补充。系统性评估了方法在不同场景下的适用性和局限性。,强化学习,11192,2023,李明 等,自然语言处理前沿
paper_zh_0595,检索增强生成企业智能客服应用（扩展研究 19）,检索增强生成企业智能客服应用。本研究在更大规模数据集上进行了额外实验验证，提供了理论分析补充。系统性评估了方法在不同场景下的适用性和局限性。,计算机视觉,13248,2023,张伟 等,中国计算机大会
paper_zh_0596,大语言模型知识图谱构建综述（扩展研究 38）,大语言模型知识图谱构建综述。本研究在更大规模数据集上进行了额外实验验证，提供了理论分析补充。系统性评估了方法在不同场景下的适用性和局限性。,数据系统,6511,2022,周涛 等,NeurIPS
paper_zh_0597,基于图神经网络的推荐系统（扩展研究 6）,基于图神经网络的推荐系统。本研究在更大规模数据集上进行了额外实验验证，提供了理论分析补充。系统性评估了方法在不同场景下的适用性和局限性。,计算机视觉,11916,2023,张伟 等,ACL 中文研讨会
paper_zh_0598,时间序列异常检测方法对比（扩展研究 15）,时间序列异常检测方法对比。本研究在更大规模数据集上进行了额外实验验证，提供了理论分析补充。系统性评估了方法在不同场景下的适用性和局限性。,自然语言处理,13095,2022,陈晨 等,数据挖掘与知识发现
paper_zh_0599,Apache Arrow 列式内存格式优化研究（扩展研究 21）,Apache Arrow 列式内存格式优化研究。本研究在更大规模数据集上进行了额外实验验证，提供了理论分析补充。系统性评估了方法在不同场景下的适用性和局限性。,计算机视觉,11407,2024,王强 等,NeurIPS
paper_zh_0600,时间序列异常检测方法对比（扩展研究 10）,时间序列异常检测方法对比。本研究在更大规模数据集上进行了额外实验验证，提供了理论分析补充。系统性评估了方法在不同场景下的适用性和局限性。,数据系统,9285,2022,王强 等,中国计算机大会
paper_zh_0601,代码生成与大语言模型（扩展研究 24）,代码生成与大语言模型。本研究在更大规模数据集上进行了额外实验验证，提供了理论分析补充。系统性评估了方法在不同场景下的适用性和局限性。,图机器学习,14422,2024,王强 等,自然语言处理前沿
paper_zh_0602,多模态预训练模型进展（扩展研究 38）,多模态预训练模型进展。本研究在更大规模数据集上进行了额外实验验证，提供了理论分析补充。系统性评估了方法在不同场景下的适用性和局限性。,计算机视觉,13103,2023,刘洋 等,AAAI
paper_zh_0603,多模态预训练模型进展（扩展研究 33）,多模态预训练模型进展。本研究在更大规模数据集上进行了额外实验验证，提供了理论分析补充。系统性评估了方法在不同场景下的适用性和局限性。,强化学习,6861,2023,王强 等,自然语言处理前沿
paper_zh_0604,代码生成与大语言模型（扩展研究 14）,代码生成与大语言模型。本研究在更大规模数据集上进行了额外实验验证，提供了理论分析补充。系统性评估了方法在不同场景下的适用性和局限性。,图机器学习,7521,2024,赵磊 等,数据挖掘与知识发现
paper_zh_0605,代码生成与大语言模型（扩展研究 45）,代码生成与大语言模型。本研究在更大规模数据集上进行了额外实验验证，提供了理论分析补充。系统性评估了方法在不同场景下的适用性和局限性。,数据系统,14273,2022,王强 等,数据挖掘与知识发现
paper_zh_0606,大语言模型知识图谱构建综述（扩展研究 41）,大语言模型知识图谱构建综述。本研究在更大规模数据集上进行了额外实验验证，提供了理论分析补充。系统性评估了方法在不同场景下的适用性和局限性。,计算机视觉,7976,2024,吴昊 等,NeurIPS
paper_zh_0607,深度学习在医疗影像中的应用（扩展研究 14）,深度学习在医疗影像中的应用。本研究在更大规模数据集上进行了额外实验验证，提供了理论分析补充。系统性评估了方法在不同场景下的适用性和局限性。,强化学习,15696,2024,吴昊 等,AAAI
paper_zh_0608,中文文本分类与情感分析综述（扩展研究 36）,中文文本分类与情感分析综述。本研究在更大规模数据集上进行了额外实验验证，提供了理论分析补充。系统性评估了方法在不同场景下的适用性和局限性。,数据系统,8685,2023,王强 等,数据挖掘与知识发现
paper_zh_0609,Apache Arrow 列式内存格式优化研究（扩展研究 39）,Apache Arrow 列式内存格式优化研究。本研究在更大规模数据集上进行了额外实验验证，提供了理论分析补充。系统性评估了方法在不同场景下的适用性和局限性。,数据系统,13129,2022,赵磊 等,数据挖掘与知识发现
paper_zh_0610,知识蒸馏模型压缩技术（扩展研究 45）,知识蒸馏模型压缩技术。本研究在更大规模数据集上进行了额外实验验证，提供了理论分析补充。系统性评估了方法在不同场景下的适用性和局限性。,数据系统,9682,2022,刘洋 等,自然语言处理前沿
paper_zh_0611,多模态预训练模型进展（扩展研究 48）,多模态预训练模型进展。本研究在更大规模数据集上进行了额外实验验证，提供了理论分析补充。系统性评估了方法在不同场景下的适用性和局限性。,机器学习,13058,2023,周涛 等,NeurIPS
paper_zh_0612,知识蒸馏模型压缩技术（扩展研究 11）,知识蒸馏模型压缩技术。本研究在更大规模数据集上进行了额外实验验证，提供了理论分析补充。系统性评估了方法在不同场景下的适用性和局限性。,自然语言处理,11754,2022,赵磊 等,人工智能学报
paper_zh_0613,自监督学习前沿进展（扩展研究 17）,自监督学习前沿进展。本研究在更大规模数据集上进行了额外实验验证，提供了理论分析补充。系统性评估了方法在不同场景下的适用性和局限性。,自然语言处理,9107,2022,孙鹏 等,数据挖掘与知识发现
paper_zh_0614,大语言模型知识图谱构建综述（扩展研究 8）,大语言模型知识图谱构建综述。本研究在更大规模数据集上进行了额外实验验证，提供了理论分析补充。系统性评估了方法在不同场景下的适用性和局限性。,自然语言处理,10734,2023,刘洋 等,ACL 中文研讨会
paper_zh_0615,知识蒸馏模型压缩技术（扩展研究 5）,知识蒸馏模型压缩技术。本研究在更大规模数据集上进行了额外实验验证，提供了理论分析补充。系统性评估了方法在不同场景下的适用性和局限性。,计算机视觉,5911,2023,王强 等,中国计算机大会
paper_zh_0616,深度学习在医疗影像中的应用（扩展研究 46）,深度学习在医疗影像中的应用。本研究在更大规模数据集上进行了额外实验验证，提供了理论分析补充。系统性评估了方法在不同场景下的适用性和局限性。,计算机视觉,7215,2023,赵磊 等,ACL 中文研讨会
paper_zh_0617,Apache Arrow 列式内存格式优化研究（扩展研究 27）,Apache Arrow 列式内存格式优化研究。本研究在更大规模数据集上进行了额外实验验证，提供了理论分析补充。系统性评估了方法在不同场景下的适用性和局限性。,数据系统,6807,2024,吴昊 等,NeurIPS
paper_zh_0618,代码生成与大语言模型（扩展研究 15）,代码生成与大语言模型。本研究在更大规模数据集上进行了额外实验验证，提供了理论分析补充。系统性评估了方法在不同场景下的适用性和局限性。,自然语言处理,7194,2023,周涛 等,中国计算机大会
paper_zh_0619,中文文本分类与情感分析综述（扩展研究 19）,中文文本分类与情感分析综述。本研究在更大规模数据集上进行了额外实验验证，提供了理论分析补充。系统性评估了方法在不同场景下的适用性和局限性。,计算机视觉,9960,2023,李明 等,数据挖掘与知识发现
paper_zh_0620,中文文本分类与情感分析综述（扩展研究 15）,中文文本分类与情感分析综述。本研究在更大规模数据集上进行了额外实验验证，提供了理论分析补充。系统性评估了方法在不同场景下的适用性和局限性。,强化学习,8438,2023,王强 等,中国计算机大会
paper_zh_0621,向量数据库技术选型与实践（扩展研究 31）,向量数据库技术选型与实践。本研究在更大规模数据集上进行了额外实验验证，提供了理论分析补充。系统性评估了方法在不同场景下的适用性和局限性。,机器学习,9562,2023,郑宇 等,AAAI
paper_zh_0622,因果推断在推荐系统中的应用（扩展研究 23）,因果推断在推荐系统中的应用。本研究在更大规模数据集上进行了额外实验验证，提供了理论分析补充。系统性评估了方法在不同场景下的适用性和局限性。,计算机视觉,11832,2024,陈晨 等,ACL 中文研讨会
paper_zh_0623,时间序列异常检测方法对比（扩展研究 37）,时间序列异常检测方法对比。本研究在更大规模数据集上进行了额外实验验证，提供了理论分析补充。系统性评估了方法在不同场景下的适用性和局限性。,机器学习,12707,2024,陈晨 等,ACL 中文研讨会
paper_zh_0624,知识蒸馏模型压缩技术（扩展研究 21）,知识蒸馏模型压缩技术。本研究在更大规模数据集上进行了额外实验验证，提供了理论分析补充。系统性评估了方法在不同场景下的适用性和局限性。,强化学习,10202,2022,吴昊 等,中国计算机大会
paper_zh_0625,向量数据库技术选型与实践（扩展研究 12）,向量数据库技术选型与实践。本研究在更大规模数据集上进行了额外实验验证，提供了理论分析补充。系统性评估了方法在不同场景下的适用性和局限性。,计算机视觉,14224,2022,李明 等,NeurIPS
paper_zh_0626,知识蒸馏模型压缩技术（扩展研究 33）,知识蒸馏模型压缩技术。本研究在更大规模数据集上进行了额外实验验证，提供了理论分析补充。系统性评估了方法在不同场景下的适用性和局限性。,计算机视觉,14513,2024,王强 等,AAAI
paper_zh_0627,深度学习在医疗影像中的应用（扩展研究 20）,深度学习在医疗影像中的应用。本研究在更大规模数据集上进行了额外实验验证，提供了理论分析补充。系统性评估了方法在不同场景下的适用性和局限性。,强化学习,6916,2024,郑宇 等,自然语言处理前沿
paper_zh_0628,检索增强生成企业智能客服应用（扩展研究 18）,检索增强生成企业智能客服应用。本研究在更大规模数据集上进行了额外实验验证，提供了理论分析补充。系统性评估了方法在不同场景下的适用性和局限性。,数据系统,11224,2024,刘洋 等,AAAI
paper_zh_0629,时间序列异常检测方法对比（扩展研究 41）,时间序列异常检测方法对比。本研究在更大规模数据集上进行了额外实验验证，提供了理论分析补充。系统性评估了方法在不同场景下的适用性和局限性。,自然语言处理,14130,2024,周涛 等,AAAI
paper_zh_0630,因果推断在推荐系统中的应用（扩展研究 9）,因果推断在推荐系统中的应用。本研究在更大规模数据集上进行了额外实验验证，提供了理论分析补充。系统性评估了方法在不同场景下的适用性和局限性。,强化学习,9900,2022,张伟 等,中国计算机大会
paper_zh_0631,基于图神经网络的推荐系统（扩展研究 9）,基于图神经网络的推荐系统。本研究在更大规模数据集上进行了额外实验验证，提供了理论分析补充。系统性评估了方法在不同场景下的适用性和局限性。,数据系统,8277,2023,李明 等,人工智能学报
paper_zh_0632,Apache Arrow 列式内存格式优化研究（扩展研究 19）,Apache Arrow 列式内存格式优化研究。本研究在更大规模数据集上进行了额外实验验证，提供了理论分析补充。系统性评估了方法在不同场景下的适用性和局限性。,图机器学习,11866,2024,王强 等,数据挖掘与知识发现
paper_zh_0633,大语言模型知识图谱构建综述（扩展研究 23）,大语言模型知识图谱构建综述。本研究在更大规模数据集上进行了额外实验验证，提供了理论分析补充。系统性评估了方法在不同场景下的适用性和局限性。,自然语言处理,11627,2024,王强 等,AAAI
paper_zh_0634,分布式训练系统优化策略（扩展研究 14）,分布式训练系统优化策略。本研究在更大规模数据集上进行了额外实验验证，提供了理论分析补充。系统性评估了方法在不同场景下的适用性和局限性。,计算机视觉,5248,2022,吴昊 等,中国计算机大会
paper_zh_0635,中文文本分类与情感分析综述（扩展研究 27）,中文文本分类与情感分析综述。本研究在更大规模数据集上进行了额外实验验证，提供了理论分析补充。系统性评估了方法在不同场景下的适用性和局限性。,自然语言处理,8912,2022,周涛 等,自然语言处理前沿
paper_zh_0636,时间序列异常检测方法对比（扩展研究 26）,时间序列异常检测方法对比。本研究在更大规模数据集上进行了额外实验验证，提供了理论分析补充。系统性评估了方法在不同场景下的适用性和局限性。,强化学习,6752,2023,刘洋 等,数据挖掘与知识发现
paper_zh_0637,自监督学习前沿进展（扩展研究 42）,自监督学习前沿进展。本研究在更大规模数据集上进行了额外实验验证，提供了理论分析补充。系统性评估了方法在不同场景下的适用性和局限性。,机器学习,5163,2023,孙鹏 等,中国计算机大会
paper_zh_0638,深度学习在医疗影像中的应用（扩展研究 49）,深度学习在医疗影像中的应用。本研究在更大规模数据集上进行了额外实验验证，提供了理论分析补充。系统性评估了方法在不同场景下的适用性和局限性。,数据系统,16180,2024,孙鹏 等,中国计算机大会
paper_zh_0639,大语言模型知识图谱构建综述（扩展研究 26）,大语言模型知识图谱构建综述。本研究在更大规模数据集上进行了额外实验验证，提供了理论分析补充。系统性评估了方法在不同场景下的适用性和局限性。,强化学习,17254,2024,孙鹏 等,ACL 中文研讨会
paper_zh_0640,联邦学习隐私保护技术（扩展研究 21）,联邦学习隐私保护技术。本研究在更大规模数据集上进行了额外实验验证，提供了理论分析补充。系统性评估了方法在不同场景下的适用性和局限性。,强化学习,13947,2022,王强 等,人工智能学报
paper_zh_0641,多模态预训练模型进展（扩展研究 33）,多模态预训练模型进展。本研究在更大规模数据集上进行了额外实验验证，提供了理论分析补充。系统性评估了方法在不同场景下的适用性和局限性。,机器学习,13793,2024,张伟 等,NeurIPS
paper_zh_0642,大语言模型知识图谱构建综述（扩展研究 29）,大语言模型知识图谱构建综述。本研究在更大规模数据集上进行了额外实验验证，提供了理论分析补充。系统性评估了方法在不同场景下的适用性和局限性。,计算机视觉,5270,2023,周涛 等,中国计算机大会
paper_zh_0643,因果推断在推荐系统中的应用（扩展研究 2）,因果推断在推荐系统中的应用。本研究在更大规模数据集上进行了额外实验验证，提供了理论分析补充。系统性评估了方法在不同场景下的适用性和局限性。,计算机视觉,5677,2022,王强 等,AAAI
paper_zh_0644,检索增强生成企业智能客服应用（扩展研究 48）,检索增强生成企业智能客服应用。本研究在更大规模数据集上进行了额外实验验证，提供了理论分析补充。系统性评估了方法在不同场景下的适用性和局限性。,机器学习,7129,2022,孙鹏 等,中国计算机大会
paper_zh_0645,代码生成与大语言模型（扩展研究 18）,代码生成与大语言模型。本研究在更大规模数据集上进行了额外实验验证，提供了理论分析补充。系统性评估了方法在不同场景下的适用性和局限性。,机器学习,16477,2022,王强 等,NeurIPS
paper_zh_0646,多模态预训练模型进展（扩展研究 41）,多模态预训练模型进展。本研究在更大规模数据集上进行了额外实验验证，提供了理论分析补充。系统性评估了方法在不同场景下的适用性和局限性。,自然语言处理,12865,2023,吴昊 等,ACL 中文研讨会
paper_zh_0647,检索增强生成企业智能客服应用（扩展研究 9）,检索增强生成企业智能客服应用。本研究在更大规模数据集上进行了额外实验验证，提供了理论分析补充。系统性评估了方法在不同场景下的适用性和局限性。,强化学习,6828,2022,吴昊 等,NeurIPS
paper_zh_0648,中文文本分类与情感分析综述（扩展研究 49）,中文文本分类与情感分析综述。本研究在更大规模数据集上进行了额外实验验证，提供了理论分析补充。系统性评估了方法在不同场景下的适用性和局限性。,机器学习,15501,2024,吴昊 等,AAAI
paper_zh_0649,基于图神经网络的推荐系统（扩展研究 4）,基于图神经网络的推荐系统。本研究在更大规模数据集上进行了额外实验验证，提供了理论分析补充。系统性评估了方法在不同场景下的适用性和局限性。,自然语言处理,17934,2023,郑宇 等,NeurIPS
paper_zh_0650,因果推断在推荐系统中的应用（扩展研究 40）,因果推断在推荐系统中的应用。本研究在更大规模数据集上进行了额外实验验证，提供了理论分析补充。系统性评估了方法在不同场景下的适用性和局限性。,数据系统,17343,2024,周涛 等,自然语言处理前沿
paper_zh_0651,检索增强生成企业智能客服应用（扩展研究 4）,检索增强生成企业智能客服应用。本研究在更大规模数据集上进行了额外实验验证，提供了理论分析补充。系统性评估了方法在不同场景下的适用性和局限性。,计算机视觉,5010,2024,李明 等,AAAI
paper_zh_0652,中文文本分类与情感分析综述（扩展研究 19）,中文文本分类与情感分析综述。本研究在更大规模数据集上进行了额外实验验证，提供了理论分析补充。系统性评估了方法在不同场景下的适用性和局限性。,机器学习,6235,2023,孙鹏 等,中国计算机大会
paper_zh_0653,联邦学习隐私保护技术（扩展研究 16）,联邦学习隐私保护技术。本研究在更大规模数据集上进行了额外实验验证，提供了理论分析补充。系统性评估了方法在不同场景下的适用性和局限性。,强化学习,17798,2023,王强 等,ACL 中文研讨会
paper_zh_0654,自监督学习前沿进展（扩展研究 36）,自监督学习前沿进展。本研究在更大规模数据集上进行了额外实验验证，提供了理论分析补充。系统性评估了方法在不同场景下的适用性和局限性。,强化学习,10932,2022,赵磊 等,自然语言处理前沿
paper_zh_0655,检索增强生成企业智能客服应用（扩展研究 35）,检索增强生成企业智能客服应用。本研究在更大规模数据集上进行了额外实验验证，提供了理论分析补充。系统性评估了方法在不同场景下的适用性和局限性。,计算机视觉,15544,2023,郑宇 等,数据挖掘与知识发现
paper_zh_0656,中文文本分类与情感分析综述（扩展研究 31）,中文文本分类与情感分析综述。本研究在更大规模数据集上进行了额外实验验证，提供了理论分析补充。系统性评估了方法在不同场景下的适用性和局限性。,图机器学习,9302,2024,周涛 等,数据挖掘与知识发现
paper_zh_0657,Apache Arrow 列式内存格式优化研究（扩展研究 50）,Apache Arrow 列式内存格式优化研究。本研究在更大规模数据集上进行了额外实验验证，提供了理论分析补充。系统性评估了方法在不同场景下的适用性和局限性。,数据系统,12024,2024,郑宇 等,自然语言处理前沿
paper_zh_0658,因果推断在推荐系统中的应用（扩展研究 16）,因果推断在推荐系统中的应用。本研究在更大规模数据集上进行了额外实验验证，提供了理论分析补充。系统性评估了方法在不同场景下的适用性和局限性。,自然语言处理,4470,2023,赵磊 等,NeurIPS
paper_zh_0659,因果推断在推荐系统中的应用（扩展研究 32）,因果推断在推荐系统中的应用。本研究在更大规模数据集上进行了额外实验验证，提供了理论分析补充。系统性评估了方法在不同场景下的适用性和局限性。,数据系统,14814,2024,吴昊 等,人工智能学报
paper_zh_0660,深度学习在医疗影像中的应用（扩展研究 30）,深度学习在医疗影像中的应用。本研究在更大规模数据集上进行了额外实验验证，提供了理论分析补充。系统性评估了方法在不同场景下的适用性和局限性。,自然语言处理,11119,2022,周涛 等,AAAI
paper_zh_0661,时间序列异常检测方法对比（扩展研究 8）,时间序列异常检测方法对比。本研究在更大规模数据集上进行了额外实验验证，提供了理论分析补充。系统性评估了方法在不同场景下的适用性和局限性。,强化学习,4661,2023,郑宇 等,ACL 中文研讨会
paper_zh_0662,中文文本分类与情感分析综述（扩展研究 48）,中文文本分类与情感分析综述。本研究在更大规模数据集上进行了额外实验验证，提供了理论分析补充。系统性评估了方法在不同场景下的适用性和局限性。,图机器学习,15020,2024,李明 等,AAAI
paper_zh_0663,知识蒸馏模型压缩技术（扩展研究 19）,知识蒸馏模型压缩技术。本研究在更大规模数据集上进行了额外实验验证，提供了理论分析补充。系统性评估了方法在不同场景下的适用性和局限性。,机器学习,17390,2022,郑宇 等,中国计算机大会
paper_zh_0664,基于图神经网络的推荐系统（扩展研究 29）,基于图神经网络的推荐系统。本研究在更大规模数据集上进行了额外实验验证，提供了理论分析补充。系统性评估了方法在不同场景下的适用性和局限性。,自然语言处理,16158,2022,王强 等,自然语言处理前沿
paper_zh_0665,知识蒸馏模型压缩技术（扩展研究 37）,知识蒸馏模型压缩技术。本研究在更大规模数据集上进行了额外实验验证，提供了理论分析补充。系统性评估了方法在不同场景下的适用性和局限性。,计算机视觉,14365,2023,郑宇 等,数据挖掘与知识发现
paper_zh_0666,深度学习在医疗影像中的应用（扩展研究 47）,深度学习在医疗影像中的应用。本研究在更大规模数据集上进行了额外实验验证，提供了理论分析补充。系统性评估了方法在不同场景下的适用性和局限性。,数据系统,4247,2024,孙鹏 等,ACL 中文研讨会
paper_zh_0667,中文文本分类与情感分析综述（扩展研究 45）,中文文本分类与情感分析综述。本研究在更大规模数据集上进行了额外实验验证，提供了理论分析补充。系统性评估了方法在不同场景下的适用性和局限性。,计算机视觉,11667,2023,张伟 等,NeurIPS
paper_zh_0668,自监督学习前沿进展（扩展研究 7）,自监督学习前沿进展。本研究在更大规模数据集上进行了额外实验验证，提供了理论分析补充。系统性评估了方法在不同场景下的适用性和局限性。,计算机视觉,17061,2022,李明 等,中国计算机大会
paper_zh_0669,多模态预训练模型进展（扩展研究 20）,多模态预训练模型进展。本研究在更大规模数据集上进行了额外实验验证，提供了理论分析补充。系统性评估了方法在不同场景下的适用性和局限性。,机器学习,6122,2023,王强 等,数据挖掘与知识发现
paper_zh_0670,深度学习在医疗影像中的应用（扩展研究 21）,深度学习在医疗影像中的应用。本研究在更大规模数据集上进行了额外实验验证，提供了理论分析补充。系统性评估了方法在不同场景下的适用性和局限性。,自然语言处理,17737,2024,陈晨 等,中国计算机大会
paper_zh_0671,大语言模型知识图谱构建综述（扩展研究 10）,大语言模型知识图谱构建综述。本研究在更大规模数据集上进行了额外实验验证，提供了理论分析补充。系统性评估了方法在不同场景下的适用性和局限性。,图机器学习,8545,2023,郑宇 等,AAAI
paper_zh_0672,多模态预训练模型进展（扩展研究 24）,多模态预训练模型进展。本研究在更大规模数据集上进行了额外实验验证，提供了理论分析补充。系统性评估了方法在不同场景下的适用性和局限性。,机器学习,16880,2024,刘洋 等,AAAI
paper_zh_0673,基于图神经网络的推荐系统（扩展研究 17）,基于图神经网络的推荐系统。本研究在更大规模数据集上进行了额外实验验证，提供了理论分析补充。系统性评估了方法在不同场景下的适用性和局限性。,数据系统,9511,2022,陈晨 等,数据挖掘与知识发现
paper_zh_0674,联邦学习隐私保护技术（扩展研究 31）,联邦学习隐私保护技术。本研究在更大规模数据集上进行了额外实验验证，提供了理论分析补充。系统性评估了方法在不同场景下的适用性和局限性。,自然语言处理,16513,2024,郑宇 等,AAAI
paper_zh_0675,自监督学习前沿进展（扩展研究 30）,自监督学习前沿进展。本研究在更大规模数据集上进行了额外实验验证，提供了理论分析补充。系统性评估了方法在不同场景下的适用性和局限性。,机器学习,15841,2023,赵磊 等,人工智能学报
paper_zh_0676,联邦学习隐私保护技术（扩展研究 16）,联邦学习隐私保护技术。本研究在更大规模数据集上进行了额外实验验证，提供了理论分析补充。系统性评估了方法在不同场景下的适用性和局限性。,计算机视觉,11960,2023,吴昊 等,人工智能学报
paper_zh_0677,知识蒸馏模型压缩技术（扩展研究 48）,知识蒸馏模型压缩技术。本研究在更大规模数据集上进行了额外实验验证，提供了理论分析补充。系统性评估了方法在不同场景下的适用性和局限性。,强化学习,9777,2024,王强 等,AAAI
paper_zh_0678,检索增强生成企业智能客服应用（扩展研究 12）,检索增强生成企业智能客服应用。本研究在更大规模数据集上进行了额外实验验证，提供了理论分析补充。系统性评估了方法在不同场景下的适用性和局限性。,机器学习,9422,2024,吴昊 等,人工智能学报
paper_zh_0679,深度学习在医疗影像中的应用（扩展研究 31）,深度学习在医疗影像中的应用。本研究在更大规模数据集上进行了额外实验验证，提供了理论分析补充。系统性评估了方法在不同场景下的适用性和局限性。,计算机视觉,16994,2024,张伟 等,中国计算机大会
paper_zh_0680,联邦学习隐私保护技术（扩展研究 22）,联邦学习隐私保护技术。本研究在更大规模数据集上进行了额外实验验证，提供了理论分析补充。系统性评估了方法在不同场景下的适用性和局限性。,强化学习,16662,2022,王强 等,人工智能学报
paper_zh_0681,因果推断在推荐系统中的应用（扩展研究 50）,因果推断在推荐系统中的应用。本研究在更大规模数据集上进行了额外实验验证，提供了理论分析补充。系统性评估了方法在不同场景下的适用性和局限性。,数据系统,14396,2022,郑宇 等,AAAI
paper_zh_0682,时间序列异常检测方法对比（扩展研究 50）,时间序列异常检测方法对比。本研究在更大规模数据集上进行了额外实验验证，提供了理论分析补充。系统性评估了方法在不同场景下的适用性和局限性。,图机器学习,17885,2023,赵磊 等,ACL 中文研讨会
paper_zh_0683,知识蒸馏模型压缩技术（扩展研究 41）,知识蒸馏模型压缩技术。本研究在更大规模数据集上进行了额外实验验证，提供了理论分析补充。系统性评估了方法在不同场景下的适用性和局限性。,自然语言处理,10511,2023,陈晨 等,数据挖掘与知识发现
paper_zh_0684,代码生成与大语言模型（扩展研究 38）,代码生成与大语言模型。本研究在更大规模数据集上进行了额外实验验证，提供了理论分析补充。系统性评估了方法在不同场景下的适用性和局限性。,图机器学习,14101,2022,王强 等,中国计算机大会
paper_zh_0685,时间序列异常检测方法对比（扩展研究 35）,时间序列异常检测方法对比。本研究在更大规模数据集上进行了额外实验验证，提供了理论分析补充。系统性评估了方法在不同场景下的适用性和局限性。,自然语言处理,9561,2023,张伟 等,NeurIPS
paper_zh_0686,大语言模型知识图谱构建综述（扩展研究 37）,大语言模型知识图谱构建综述。本研究在更大规模数据集上进行了额外实验验证，提供了理论分析补充。系统性评估了方法在不同场景下的适用性和局限性。,机器学习,8296,2022,赵磊 等,自然语言处理前沿
paper_zh_0687,向量数据库技术选型与实践（扩展研究 10）,向量数据库技术选型与实践。本研究在更大规模数据集上进行了额外实验验证，提供了理论分析补充。系统性评估了方法在不同场景下的适用性和局限性。,强化学习,8634,2022,孙鹏 等,自然语言处理前沿
paper_zh_0688,基于图神经网络的推荐系统（扩展研究 32）,基于图神经网络的推荐系统。本研究在更大规模数据集上进行了额外实验验证，提供了理论分析补充。系统性评估了方法在不同场景下的适用性和局限性。,强化学习,9245,2022,吴昊 等,AAAI
paper_zh_0689,分布式训练系统优化策略（扩展研究 14）,分布式训练系统优化策略。本研究在更大规模数据集上进行了额外实验验证，提供了理论分析补充。系统性评估了方法在不同场景下的适用性和局限性。,机器学习,15070,2024,周涛 等,NeurIPS
paper_zh_0690,Apache Arrow 列式内存格式优化研究（扩展研究 23）,Apache Arrow 列式内存格式优化研究。本研究在更大规模数据集上进行了额外实验验证，提供了理论分析补充。系统性评估了方法在不同场景下的适用性和局限性。,强化学习,6638,2024,陈晨 等,NeurIPS
paper_zh_0691,中文文本分类与情感分析综述（扩展研究 10）,中文文本分类与情感分析综述。本研究在更大规模数据集上进行了额外实验验证，提供了理论分析补充。系统性评估了方法在不同场景下的适用性和局限性。,机器学习,15845,2023,王强 等,中国计算机大会
paper_zh_0692,大语言模型知识图谱构建综述（扩展研究 34）,大语言模型知识图谱构建综述。本研究在更大规模数据集上进行了额外实验验证，提供了理论分析补充。系统性评估了方法在不同场景下的适用性和局限性。,计算机视觉,9802,2022,张伟 等,NeurIPS
paper_zh_0693,Apache Arrow 列式内存格式优化研究（扩展研究 18）,Apache Arrow 列式内存格式优化研究。本研究在更大规模数据集上进行了额外实验验证，提供了理论分析补充。系统性评估了方法在不同场景下的适用性和局限性。,自然语言处理,10678,2022,李明 等,自然语言处理前沿
paper_zh_0694,联邦学习隐私保护技术（扩展研究 35）,联邦学习隐私保护技术。本研究在更大规模数据集上进行了额外实验验证，提供了理论分析补充。系统性评估了方法在不同场景下的适用性和局限性。,图机器学习,12126,2022,周涛 等,ACL 中文研讨会
paper_zh_0695,检索增强生成企业智能客服应用（扩展研究 43）,检索增强生成企业智能客服应用。本研究在更大规模数据集上进行了额外实验验证，提供了理论分析补充。系统性评估了方法在不同场景下的适用性和局限性。,图机器学习,10265,2023,郑宇 等,人工智能学报
paper_zh_0696,时间序列异常检测方法对比（扩展研究 15）,时间序列异常检测方法对比。本研究在更大规模数据集上进行了额外实验验证，提供了理论分析补充。系统性评估了方法在不同场景下的适用性和局限性。,自然语言处理,15330,2024,张伟 等,AAAI
paper_zh_0697,分布式训练系统优化策略（扩展研究 41）,分布式训练系统优化策略。本研究在更大规模数据集上进行了额外实验验证，提供了理论分析补充。系统性评估了方法在不同场景下的适用性和局限性。,机器学习,5080,2023,李明 等,人工智能学报
paper_zh_0698,大语言模型知识图谱构建综述（扩展研究 17）,大语言模型知识图谱构建综述。本研究在更大规模数据集上进行了额外实验验证，提供了理论分析补充。系统性评估了方法在不同场景下的适用性和局限性。,数据系统,7315,2024,刘洋 等,中国计算机大会
paper_zh_0699,自监督学习前沿进展（扩展研究 25）,自监督学习前沿进展。本研究在更大规模数据集上进行了额外实验验证，提供了理论分析补充。系统性评估了方法在不同场景下的适用性和局限性。,图机器学习,8782,2023,李明 等,自然语言处理前沿
paper_zh_0700,中文文本分类与情感分析综述（扩展研究 17）,中文文本分类与情感分析综述。本研究在更大规模数据集上进行了额外实验验证，提供了理论分析补充。系统性评估了方法在不同场景下的适用性和局限性。,强化学习,10875,2024,孙鹏 等,中国计算机大会
paper_zh_0701,检索增强生成企业智能客服应用（扩展研究 45）,检索增强生成企业智能客服应用。本研究在更大规模数据集上进行了额外实验验证，提供了理论分析补充。系统性评估了方法在不同场景下的适用性和局限性。,强化学习,4260,2024,郑宇 等,ACL 中文研讨会
paper_zh_0702,Apache Arrow 列式内存格式优化研究（扩展研究 32）,Apache Arrow 列式内存格式优化研究。本研究在更大规模数据集上进行了额外实验验证，提供了理论分析补充。系统性评估了方法在不同场景下的适用性和局限性。,机器学习,13065,2024,张伟 等,数据挖掘与知识发现
paper_zh_0703,时间序列异常检测方法对比（扩展研究 6）,时间序列异常检测方法对比。本研究在更大规模数据集上进行了额外实验验证，提供了理论分析补充。系统性评估了方法在不同场景下的适用性和局限性。,自然语言处理,4514,2024,刘洋 等,NeurIPS
paper_zh_0704,分布式训练系统优化策略（扩展研究 48）,分布式训练系统优化策略。本研究在更大规模数据集上进行了额外实验验证，提供了理论分析补充。系统性评估了方法在不同场景下的适用性和局限性。,数据系统,10769,2023,周涛 等,人工智能学报
paper_zh_0705,联邦学习隐私保护技术（扩展研究 17）,联邦学习隐私保护技术。本研究在更大规模数据集上进行了额外实验验证，提供了理论分析补充。系统性评估了方法在不同场景下的适用性和局限性。,数据系统,17980,2023,赵磊 等,人工智能学报
paper_zh_0706,深度学习在医疗影像中的应用（扩展研究 21）,深度学习在医疗影像中的应用。本研究在更大规模数据集上进行了额外实验验证，提供了理论分析补充。系统性评估了方法在不同场景下的适用性和局限性。,数据系统,9850,2023,陈晨 等,AAAI
paper_zh_0707,代码生成与大语言模型（扩展研究 5）,代码生成与大语言模型。本研究在更大规模数据集上进行了额外实验验证，提供了理论分析补充。系统性评估了方法在不同场景下的适用性和局限性。,图机器学习,7408,2023,吴昊 等,中国计算机大会
paper_zh_0708,基于图神经网络的推荐系统（扩展研究 46）,基于图神经网络的推荐系统。本研究在更大规模数据集上进行了额外实验验证，提供了理论分析补充。系统性评估了方法在不同场景下的适用性和局限性。,图机器学习,8097,2022,赵磊 等,人工智能学报
paper_zh_0709,分布式训练系统优化策略（扩展研究 9）,分布式训练系统优化策略。本研究在更大规模数据集上进行了额外实验验证，提供了理论分析补充。系统性评估了方法在不同场景下的适用性和局限性。,强化学习,5767,2022,王强 等,NeurIPS
paper_zh_0710,Apache Arrow 列式内存格式优化研究（扩展研究 38）,Apache Arrow 列式内存格式优化研究。本研究在更大规模数据集上进行了额外实验验证，提供了理论分析补充。系统性评估了方法在不同场景下的适用性和局限性。,图机器学习,9163,2023,刘洋 等,ACL 中文研讨会
paper_zh_0711,多模态预训练模型进展（扩展研究 41）,多模态预训练模型进展。本研究在更大规模数据集上进行了额外实验验证，提供了理论分析补充。系统性评估了方法在不同场景下的适用性和局限性。,机器学习,15986,2022,刘洋 等,数据挖掘与知识发现
paper_zh_0712,Apache Arrow 列式内存格式优化研究（扩展研究 43）,Apache Arrow 列式内存格式优化研究。本研究在更大规模数据集上进行了额外实验验证，提供了理论分析补充。系统性评估了方法在不同场景下的适用性和局限性。,自然语言处理,5347,2022,赵磊 等,数据挖掘与知识发现
paper_zh_0713,向量数据库技术选型与实践（扩展研究 21）,向量数据库技术选型与实践。本研究在更大规模数据集上进行了额外实验验证，提供了理论分析补充。系统性评估了方法在不同场景下的适用性和局限性。,强化学习,14728,2024,赵磊 等,AAAI
paper_zh_0714,知识蒸馏模型压缩技术（扩展研究 3）,知识蒸馏模型压缩技术。本研究在更大规模数据集上进行了额外实验验证，提供了理论分析补充。系统性评估了方法在不同场景下的适用性和局限性。,强化学习,11610,2022,王强 等,NeurIPS
paper_zh_0715,大语言模型知识图谱构建综述（扩展研究 29）,大语言模型知识图谱构建综述。本研究在更大规模数据集上进行了额外实验验证，提供了理论分析补充。系统性评估了方法在不同场景下的适用性和局限性。,计算机视觉,6271,2023,张伟 等,NeurIPS
paper_zh_0716,中文文本分类与情感分析综述（扩展研究 47）,中文文本分类与情感分析综述。本研究在更大规模数据集上进行了额外实验验证，提供了理论分析补充。系统性评估了方法在不同场景下的适用性和局限性。,数据系统,5738,2023,李明 等,数据挖掘与知识发现
paper_zh_0717,中文文本分类与情感分析综述（扩展研究 34）,中文文本分类与情感分析综述。本研究在更大规模数据集上进行了额外实验验证，提供了理论分析补充。系统性评估了方法在不同场景下的适用性和局限性。,计算机视觉,11823,2023,王强 等,中国计算机大会
paper_zh_0718,中文文本分类与情感分析综述（扩展研究 37）,中文文本分类与情感分析综述。本研究在更大规模数据集上进行了额外实验验证，提供了理论分析补充。系统性评估了方法在不同场景下的适用性和局限性。,数据系统,8008,2024,陈晨 等,数据挖掘与知识发现
paper_zh_0719,联邦学习隐私保护技术（扩展研究 46）,联邦学习隐私保护技术。本研究在更大规模数据集上进行了额外实验验证，提供了理论分析补充。系统性评估了方法在不同场景下的适用性和局限性。,自然语言处理,17685,2024,周涛 等,ACL 中文研讨会
paper_zh_0720,检索增强生成企业智能客服应用（扩展研究 39）,检索增强生成企业智能客服应用。本研究在更大规模数据集上进行了额外实验验证，提供了理论分析补充。系统性评估了方法在不同场景下的适用性和局限性。,机器学习,8618,2022,孙鹏 等,自然语言处理前沿
paper_zh_0721,自监督学习前沿进展（扩展研究 32）,自监督学习前沿进展。本研究在更大规模数据集上进行了额外实验验证，提供了理论分析补充。系统性评估了方法在不同场景下的适用性和局限性。,计算机视觉,6766,2023,王强 等,数据挖掘与知识发现
paper_zh_0722,检索增强生成企业智能客服应用（扩展研究 16）,检索增强生成企业智能客服应用。本研究在更大规模数据集上进行了额外实验验证，提供了理论分析补充。系统性评估了方法在不同场景下的适用性和局限性。,机器学习,16132,2023,吴昊 等,自然语言处理前沿
paper_zh_0723,联邦学习隐私保护技术（扩展研究 31）,联邦学习隐私保护技术。本研究在更大规模数据集上进行了额外实验验证，提供了理论分析补充。系统性评估了方法在不同场景下的适用性和局限性。,自然语言处理,16589,2022,王强 等,AAAI
paper_zh_0724,检索增强生成企业智能客服应用（扩展研究 36）,检索增强生成企业智能客服应用。本研究在更大规模数据集上进行了额外实验验证，提供了理论分析补充。系统性评估了方法在不同场景下的适用性和局限性。,图机器学习,8333,2024,吴昊 等,自然语言处理前沿
paper_zh_0725,因果推断在推荐系统中的应用（扩展研究 44）,因果推断在推荐系统中的应用。本研究在更大规模数据集上进行了额外实验验证，提供了理论分析补充。系统性评估了方法在不同场景下的适用性和局限性。,机器学习,17553,2024,郑宇 等,AAAI
paper_zh_0726,基于图神经网络的推荐系统（扩展研究 7）,基于图神经网络的推荐系统。本研究在更大规模数据集上进行了额外实验验证，提供了理论分析补充。系统性评估了方法在不同场景下的适用性和局限性。,图机器学习,10292,2024,赵磊 等,自然语言处理前沿
paper_zh_0727,向量数据库技术选型与实践（扩展研究 49）,向量数据库技术选型与实践。本研究在更大规模数据集上进行了额外实验验证，提供了理论分析补充。系统性评估了方法在不同场景下的适用性和局限性。,图机器学习,15581,2024,郑宇 等,AAAI
paper_zh_0728,自监督学习前沿进展（扩展研究 27）,自监督学习前沿进展。本研究在更大规模数据集上进行了额外实验验证，提供了理论分析补充。系统性评估了方法在不同场景下的适用性和局限性。,计算机视觉,14761,2023,陈晨 等,NeurIPS
paper_zh_0729,知识蒸馏模型压缩技术（扩展研究 22）,知识蒸馏模型压缩技术。本研究在更大规模数据集上进行了额外实验验证，提供了理论分析补充。系统性评估了方法在不同场景下的适用性和局限性。,计算机视觉,6365,2022,郑宇 等,中国计算机大会
paper_zh_0730,中文文本分类与情感分析综述（扩展研究 6）,中文文本分类与情感分析综述。本研究在更大规模数据集上进行了额外实验验证，提供了理论分析补充。系统性评估了方法在不同场景下的适用性和局限性。,机器学习,10068,2022,陈晨 等,人工智能学报
paper_zh_0731,代码生成与大语言模型（扩展研究 49）,代码生成与大语言模型。本研究在更大规模数据集上进行了额外实验验证，提供了理论分析补充。系统性评估了方法在不同场景下的适用性和局限性。,自然语言处理,12623,2023,周涛 等,自然语言处理前沿
paper_zh_0732,基于图神经网络的推荐系统（扩展研究 18）,基于图神经网络的推荐系统。本研究在更大规模数据集上进行了额外实验验证，提供了理论分析补充。系统性评估了方法在不同场景下的适用性和局限性。,计算机视觉,12088,2022,李明 等,自然语言处理前沿
paper_zh_0733,联邦学习隐私保护技术（扩展研究 50）,联邦学习隐私保护技术。本研究在更大规模数据集上进行了额外实验验证，提供了理论分析补充。系统性评估了方法在不同场景下的适用性和局限性。,图机器学习,11996,2024,赵磊 等,人工智能学报
paper_zh_0734,向量数据库技术选型与实践（扩展研究 45）,向量数据库技术选型与实践。本研究在更大规模数据集上进行了额外实验验证，提供了理论分析补充。系统性评估了方法在不同场景下的适用性和局限性。,机器学习,8935,2023,周涛 等,中国计算机大会
paper_zh_0735,代码生成与大语言模型（扩展研究 41）,代码生成与大语言模型。本研究在更大规模数据集上进行了额外实验验证，提供了理论分析补充。系统性评估了方法在不同场景下的适用性和局限性。,强化学习,15125,2022,孙鹏 等,NeurIPS
paper_zh_0736,知识蒸馏模型压缩技术（扩展研究 43）,知识蒸馏模型压缩技术。本研究在更大规模数据集上进行了额外实验验证，提供了理论分析补充。系统性评估了方法在不同场景下的适用性和局限性。,自然语言处理,9631,2022,王强 等,自然语言处理前沿
paper_zh_0737,大语言模型知识图谱构建综述（扩展研究 5）,大语言模型知识图谱构建综述。本研究在更大规模数据集上进行了额外实验验证，提供了理论分析补充。系统性评估了方法在不同场景下的适用性和局限性。,强化学习,17065,2024,陈晨 等,数据挖掘与知识发现
paper_zh_0738,联邦学习隐私保护技术（扩展研究 32）,联邦学习隐私保护技术。本研究在更大规模数据集上进行了额外实验验证，提供了理论分析补充。系统性评估了方法在不同场景下的适用性和局限性。,机器学习,15650,2022,周涛 等,ACL 中文研讨会
paper_zh_0739,分布式训练系统优化策略（扩展研究 29）,分布式训练系统优化策略。本研究在更大规模数据集上进行了额外实验验证，提供了理论分析补充。系统性评估了方法在不同场景下的适用性和局限性。,计算机视觉,4702,2024,刘洋 等,中国计算机大会
paper_zh_0740,向量数据库技术选型与实践（扩展研究 16）,向量数据库技术选型与实践。本研究在更大规模数据集上进行了额外实验验证，提供了理论分析补充。系统性评估了方法在不同场景下的适用性和局限性。,数据系统,14872,2023,张伟 等,数据挖掘与知识发现
paper_zh_0741,因果推断在推荐系统中的应用（扩展研究 41）,因果推断在推荐系统中的应用。本研究在更大规模数据集上进行了额外实验验证，提供了理论分析补充。系统性评估了方法在不同场景下的适用性和局限性。,数据系统,6089,2024,李明 等,NeurIPS
paper_zh_0742,基于图神经网络的推荐系统（扩展研究 32）,基于图神经网络的推荐系统。本研究在更大规模数据集上进行了额外实验验证，提供了理论分析补充。系统性评估了方法在不同场景下的适用性和局限性。,计算机视觉,9302,2022,周涛 等,AAAI
paper_zh_0743,时间序列异常检测方法对比（扩展研究 13）,时间序列异常检测方法对比。本研究在更大规模数据集上进行了额外实验验证，提供了理论分析补充。系统性评估了方法在不同场景下的适用性和局限性。,计算机视觉,15756,2024,刘洋 等,人工智能学报
paper_zh_0744,知识蒸馏模型压缩技术（扩展研究 37）,知识蒸馏模型压缩技术。本研究在更大规模数据集上进行了额外实验验证，提供了理论分析补充。系统性评估了方法在不同场景下的适用性和局限性。,自然语言处理,16360,2023,周涛 等,数据挖掘与知识发现
paper_zh_0745,基于图神经网络的推荐系统（扩展研究 7）,基于图神经网络的推荐系统。本研究在更大规模数据集上进行了额外实验验证，提供了理论分析补充。系统性评估了方法在不同场景下的适用性和局限性。,图机器学习,9817,2024,张伟 等,NeurIPS
paper_zh_0746,多模态预训练模型进展（扩展研究 34）,多模态预训练模型进展。本研究在更大规模数据集上进行了额外实验验证，提供了理论分析补充。系统性评估了方法在不同场景下的适用性和局限性。,数据系统,5150,2023,赵磊 等,数据挖掘与知识发现
paper_zh_0747,向量数据库技术选型与实践（扩展研究 46）,向量数据库技术选型与实践。本研究在更大规模数据集上进行了额外实验验证，提供了理论分析补充。系统性评估了方法在不同场景下的适用性和局限性。,数据系统,9326,2023,孙鹏 等,数据挖掘与知识发现
paper_zh_0748,向量数据库技术选型与实践（扩展研究 28）,向量数据库技术选型与实践。本研究在更大规模数据集上进行了额外实验验证，提供了理论分析补充。系统性评估了方法在不同场景下的适用性和局限性。,数据系统,10792,2024,郑宇 等,AAAI
paper_zh_0749,因果推断在推荐系统中的应用（扩展研究 17）,因果推断在推荐系统中的应用。本研究在更大规模数据集上进行了额外实验验证，提供了理论分析补充。系统性评估了方法在不同场景下的适用性和局限性。,机器学习,10890,2024,刘洋 等,NeurIPS
paper_zh_0750,深度学习在医疗影像中的应用（扩展研究 42）,深度学习在医疗影像中的应用。本研究在更大规模数据集上进行了额外实验验证，提供了理论分析补充。系统性评估了方法在不同场景下的适用性和局限性。,计算机视觉,4231,2023,郑宇 等,AAAI
paper_zh_0751,向量数据库技术选型与实践（扩展研究 46）,向量数据库技术选型与实践。本研究在更大规模数据集上进行了额外实验验证，提供了理论分析补充。系统性评估了方法在不同场景下的适用性和局限性。,计算机视觉,10771,2022,李明 等,ACL 中文研讨会
paper_zh_0752,因果推断在推荐系统中的应用（扩展研究 23）,因果推断在推荐系统中的应用。本研究在更大规模数据集上进行了额外实验验证，提供了理论分析补充。系统性评估了方法在不同场景下的适用性和局限性。,自然语言处理,10804,2022,王强 等,ACL 中文研讨会
paper_zh_0753,代码生成与大语言模型（扩展研究 25）,代码生成与大语言模型。本研究在更大规模数据集上进行了额外实验验证，提供了理论分析补充。系统性评估了方法在不同场景下的适用性和局限性。,计算机视觉,5222,2024,王强 等,AAAI
paper_zh_0754,因果推断在推荐系统中的应用（扩展研究 27）,因果推断在推荐系统中的应用。本研究在更大规模数据集上进行了额外实验验证，提供了理论分析补充。系统性评估了方法在不同场景下的适用性和局限性。,数据系统,5103,2024,王强 等,中国计算机大会
paper_zh_0755,时间序列异常检测方法对比（扩展研究 47）,时间序列异常检测方法对比。本研究在更大规模数据集上进行了额外实验验证，提供了理论分析补充。系统性评估了方法在不同场景下的适用性和局限性。,自然语言处理,11039,2024,周涛 等,人工智能学报
paper_zh_0756,代码生成与大语言模型（扩展研究 21）,代码生成与大语言模型。本研究在更大规模数据集上进行了额外实验验证，提供了理论分析补充。系统性评估了方法在不同场景下的适用性和局限性。,强化学习,13142,2024,孙鹏 等,自然语言处理前沿
paper_zh_0757,多模态预训练模型进展（扩展研究 21）,多模态预训练模型进展。本研究在更大规模数据集上进行了额外实验验证，提供了理论分析补充。系统性评估了方法在不同场景下的适用性和局限性。,数据系统,12611,2023,郑宇 等,人工智能学报
paper_zh_0758,时间序列异常检测方法对比（扩展研究 40）,时间序列异常检测方法对比。本研究在更大规模数据集上进行了额外实验验证，提供了理论分析补充。系统性评估了方法在不同场景下的适用性和局限性。,图机器学习,10690,2024,刘洋 等,中国计算机大会
paper_zh_0759,深度学习在医疗影像中的应用（扩展研究 16）,深度学习在医疗影像中的应用。本研究在更大规模数据集上进行了额外实验验证，提供了理论分析补充。系统性评估了方法在不同场景下的适用性和局限性。,图机器学习,4957,2023,王强 等,NeurIPS
paper_zh_0760,大语言模型知识图谱构建综述（扩展研究 18）,大语言模型知识图谱构建综述。本研究在更大规模数据集上进行了额外实验验证，提供了理论分析补充。系统性评估了方法在不同场景下的适用性和局限性。,强化学习,15610,2022,孙鹏 等,自然语言处理前沿
paper_zh_0761,检索增强生成企业智能客服应用（扩展研究 50）,检索增强生成企业智能客服应用。本研究在更大规模数据集上进行了额外实验验证，提供了理论分析补充。系统性评估了方法在不同场景下的适用性和局限性。,自然语言处理,9694,2024,李明 等,NeurIPS
paper_zh_0762,检索增强生成企业智能客服应用（扩展研究 17）,检索增强生成企业智能客服应用。本研究在更大规模数据集上进行了额外实验验证，提供了理论分析补充。系统性评估了方法在不同场景下的适用性和局限性。,计算机视觉,4070,2022,王强 等,NeurIPS
paper_zh_0763,深度学习在医疗影像中的应用（扩展研究 39）,深度学习在医疗影像中的应用。本研究在更大规模数据集上进行了额外实验验证，提供了理论分析补充。系统性评估了方法在不同场景下的适用性和局限性。,计算机视觉,15771,2022,李明 等,NeurIPS
paper_zh_0764,Apache Arrow 列式内存格式优化研究（扩展研究 8）,Apache Arrow 列式内存格式优化研究。本研究在更大规模数据集上进行了额外实验验证，提供了理论分析补充。系统性评估了方法在不同场景下的适用性和局限性。,数据系统,16339,2024,李明 等,自然语言处理前沿
paper_zh_0765,自监督学习前沿进展（扩展研究 29）,自监督学习前沿进展。本研究在更大规模数据集上进行了额外实验验证，提供了理论分析补充。系统性评估了方法在不同场景下的适用性和局限性。,图机器学习,7993,2023,张伟 等,人工智能学报
paper_zh_0766,基于图神经网络的推荐系统（扩展研究 44）,基于图神经网络的推荐系统。本研究在更大规模数据集上进行了额外实验验证，提供了理论分析补充。系统性评估了方法在不同场景下的适用性和局限性。,图机器学习,9667,2022,孙鹏 等,中国计算机大会
paper_zh_0767,知识蒸馏模型压缩技术（扩展研究 11）,知识蒸馏模型压缩技术。本研究在更大规模数据集上进行了额外实验验证，提供了理论分析补充。系统性评估了方法在不同场景下的适用性和局限性。,数据系统,6847,2022,张伟 等,NeurIPS
paper_zh_0768,基于图神经网络的推荐系统（扩展研究 28）,基于图神经网络的推荐系统。本研究在更大规模数据集上进行了额外实验验证，提供了理论分析补充。系统性评估了方法在不同场景下的适用性和局限性。,自然语言处理,11707,2022,赵磊 等,NeurIPS
paper_zh_0769,基于图神经网络的推荐系统（扩展研究 27）,基于图神经网络的推荐系统。本研究在更大规模数据集上进行了额外实验验证，提供了理论分析补充。系统性评估了方法在不同场景下的适用性和局限性。,数据系统,14163,2024,陈晨 等,ACL 中文研讨会
paper_zh_0770,多模态预训练模型进展（扩展研究 21）,多模态预训练模型进展。本研究在更大规模数据集上进行了额外实验验证，提供了理论分析补充。系统性评估了方法在不同场景下的适用性和局限性。,图机器学习,17113,2022,张伟 等,人工智能学报
paper_zh_0771,代码生成与大语言模型（扩展研究 2）,代码生成与大语言模型。本研究在更大规模数据集上进行了额外实验验证，提供了理论分析补充。系统性评估了方法在不同场景下的适用性和局限性。,计算机视觉,17731,2024,张伟 等,ACL 中文研讨会
paper_zh_0772,检索增强生成企业智能客服应用（扩展研究 32）,检索增强生成企业智能客服应用。本研究在更大规模数据集上进行了额外实验验证，提供了理论分析补充。系统性评估了方法在不同场景下的适用性和局限性。,强化学习,7329,2022,刘洋 等,人工智能学报
paper_zh_0773,中文文本分类与情感分析综述（扩展研究 35）,中文文本分类与情感分析综述。本研究在更大规模数据集上进行了额外实验验证，提供了理论分析补充。系统性评估了方法在不同场景下的适用性和局限性。,自然语言处理,6852,2024,周涛 等,AAAI
paper_zh_0774,深度学习在医疗影像中的应用（扩展研究 15）,深度学习在医疗影像中的应用。本研究在更大规模数据集上进行了额外实验验证，提供了理论分析补充。系统性评估了方法在不同场景下的适用性和局限性。,强化学习,16257,2023,王强 等,数据挖掘与知识发现
paper_zh_0775,Apache Arrow 列式内存格式优化研究（扩展研究 23）,Apache Arrow 列式内存格式优化研究。本研究在更大规模数据集上进行了额外实验验证，提供了理论分析补充。系统性评估了方法在不同场景下的适用性和局限性。,强化学习,17747,2023,李明 等,中国计算机大会
paper_zh_0776,多模态预训练模型进展（扩展研究 46）,多模态预训练模型进展。本研究在更大规模数据集上进行了额外实验验证，提供了理论分析补充。系统性评估了方法在不同场景下的适用性和局限性。,图机器学习,16333,2022,张伟 等,ACL 中文研讨会
paper_zh_0777,大语言模型知识图谱构建综述（扩展研究 45）,大语言模型知识图谱构建综述。本研究在更大规模数据集上进行了额外实验验证，提供了理论分析补充。系统性评估了方法在不同场景下的适用性和局限性。,图机器学习,17812,2023,郑宇 等,AAAI
paper_zh_0778,时间序列异常检测方法对比（扩展研究 28）,时间序列异常检测方法对比。本研究在更大规模数据集上进行了额外实验验证，提供了理论分析补充。系统性评估了方法在不同场景下的适用性和局限性。,图机器学习,6273,2024,李明 等,自然语言处理前沿
paper_zh_0779,Apache Arrow 列式内存格式优化研究（扩展研究 43）,Apache Arrow 列式内存格式优化研究。本研究在更大规模数据集上进行了额外实验验证，提供了理论分析补充。系统性评估了方法在不同场景下的适用性和局限性。,计算机视觉,14889,2022,李明 等,中国计算机大会
paper_zh_0780,代码生成与大语言模型（扩展研究 12）,代码生成与大语言模型。本研究在更大规模数据集上进行了额外实验验证，提供了理论分析补充。系统性评估了方法在不同场景下的适用性和局限性。,强化学习,12233,2022,周涛 等,NeurIPS
paper_zh_0781,大语言模型知识图谱构建综述（扩展研究 15）,大语言模型知识图谱构建综述。本研究在更大规模数据集上进行了额外实验验证，提供了理论分析补充。系统性评估了方法在不同场景下的适用性和局限性。,图机器学习,14445,2023,孙鹏 等,NeurIPS
paper_zh_0782,Apache Arrow 列式内存格式优化研究（扩展研究 27）,Apache Arrow 列式内存格式优化研究。本研究在更大规模数据集上进行了额外实验验证，提供了理论分析补充。系统性评估了方法在不同场景下的适用性和局限性。,数据系统,14664,2024,郑宇 等,AAAI
paper_zh_0783,检索增强生成企业智能客服应用（扩展研究 34）,检索增强生成企业智能客服应用。本研究在更大规模数据集上进行了额外实验验证，提供了理论分析补充。系统性评估了方法在不同场景下的适用性和局限性。,数据系统,5206,2024,刘洋 等,ACL 中文研讨会
paper_zh_0784,自监督学习前沿进展（扩展研究 22）,自监督学习前沿进展。本研究在更大规模数据集上进行了额外实验验证，提供了理论分析补充。系统性评估了方法在不同场景下的适用性和局限性。,数据系统,13527,2024,陈晨 等,AAAI
paper_zh_0785,Apache Arrow 列式内存格式优化研究（扩展研究 14）,Apache Arrow 列式内存格式优化研究。本研究在更大规模数据集上进行了额外实验验证，提供了理论分析补充。系统性评估了方法在不同场景下的适用性和局限性。,机器学习,15204,2023,郑宇 等,中国计算机大会
paper_zh_0786,检索增强生成企业智能客服应用（扩展研究 44）,检索增强生成企业智能客服应用。本研究在更大规模数据集上进行了额外实验验证，提供了理论分析补充。系统性评估了方法在不同场景下的适用性和局限性。,强化学习,14879,2024,陈晨 等,中国计算机大会
paper_zh_0787,联邦学习隐私保护技术（扩展研究 25）,联邦学习隐私保护技术。本研究在更大规模数据集上进行了额外实验验证，提供了理论分析补充。系统性评估了方法在不同场景下的适用性和局限性。,自然语言处理,7583,2023,刘洋 等,数据挖掘与知识发现
paper_zh_0788,向量数据库技术选型与实践（扩展研究 44）,向量数据库技术选型与实践。本研究在更大规模数据集上进行了额外实验验证，提供了理论分析补充。系统性评估了方法在不同场景下的适用性和局限性。,强化学习,7291,2022,陈晨 等,数据挖掘与知识发现
paper_zh_0789,检索增强生成企业智能客服应用（扩展研究 46）,检索增强生成企业智能客服应用。本研究在更大规模数据集上进行了额外实验验证，提供了理论分析补充。系统性评估了方法在不同场景下的适用性和局限性。,计算机视觉,11343,2024,赵磊 等,NeurIPS
paper_zh_0790,自监督学习前沿进展（扩展研究 8）,自监督学习前沿进展。本研究在更大规模数据集上进行了额外实验验证，提供了理论分析补充。系统性评估了方法在不同场景下的适用性和局限性。,数据系统,13536,2024,赵磊 等,中国计算机大会
paper_zh_0791,Apache Arrow 列式内存格式优化研究（扩展研究 5）,Apache Arrow 列式内存格式优化研究。本研究在更大规模数据集上进行了额外实验验证，提供了理论分析补充。系统性评估了方法在不同场景下的适用性和局限性。,强化学习,10048,2023,吴昊 等,NeurIPS
paper_zh_0792,大语言模型知识图谱构建综述（扩展研究 31）,大语言模型知识图谱构建综述。本研究在更大规模数据集上进行了额外实验验证，提供了理论分析补充。系统性评估了方法在不同场景下的适用性和局限性。,图机器学习,16938,2022,王强 等,数据挖掘与知识发现
paper_zh_0793,基于图神经网络的推荐系统（扩展研究 11）,基于图神经网络的推荐系统。本研究在更大规模数据集上进行了额外实验验证，提供了理论分析补充。系统性评估了方法在不同场景下的适用性和局限性。,数据系统,8653,2024,陈晨 等,人工智能学报
paper_zh_0794,因果推断在推荐系统中的应用（扩展研究 6）,因果推断在推荐系统中的应用。本研究在更大规模数据集上进行了额外实验验证，提供了理论分析补充。系统性评估了方法在不同场景下的适用性和局限性。,图机器学习,12200,2023,王强 等,人工智能学报
paper_zh_0795,因果推断在推荐系统中的应用（扩展研究 34）,因果推断在推荐系统中的应用。本研究在更大规模数据集上进行了额外实验验证，提供了理论分析补充。系统性评估了方法在不同场景下的适用性和局限性。,强化学习,7898,2024,吴昊 等,ACL 中文研讨会
paper_zh_0796,代码生成与大语言模型（扩展研究 47）,代码生成与大语言模型。本研究在更大规模数据集上进行了额外实验验证，提供了理论分析补充。系统性评估了方法在不同场景下的适用性和局限性。,机器学习,5209,2023,李明 等,AAAI
paper_zh_0797,联邦学习隐私保护技术（扩展研究 30）,联邦学习隐私保护技术。本研究在更大规模数据集上进行了额外实验验证，提供了理论分析补充。系统性评估了方法在不同场景下的适用性和局限性。,图机器学习,12137,2023,陈晨 等,自然语言处理前沿
paper_zh_0798,Apache Arrow 列式内存格式优化研究（扩展研究 27）,Apache Arrow 列式内存格式优化研究。本研究在更大规模数据集上进行了额外实验验证，提供了理论分析补充。系统性评估了方法在不同场景下的适用性和局限性。,机器学习,15892,2022,孙鹏 等,人工智能学报
paper_zh_0799,联邦学习隐私保护技术（扩展研究 28）,联邦学习隐私保护技术。本研究在更大规模数据集上进行了额外实验验证，提供了理论分析补充。系统性评估了方法在不同场景下的适用性和局限性。,计算机视觉,17748,2023,王强 等,自然语言处理前沿
paper_zh_0800,检索增强生成企业智能客服应用（扩展研究 47）,检索增强生成企业智能客服应用。本研究在更大规模数据集上进行了额外实验验证，提供了理论分析补充。系统性评估了方法在不同场景下的适用性和局限性。,自然语言处理,17188,2023,李明 等,人工智能学报
paper_zh_0801,时间序列异常检测方法对比（扩展研究 22）,时间序列异常检测方法对比。本研究在更大规模数据集上进行了额外实验验证，提供了理论分析补充。系统性评估了方法在不同场景下的适用性和局限性。,图机器学习,14756,2023,郑宇 等,数据挖掘与知识发现
paper_zh_0802,代码生成与大语言模型（扩展研究 10）,代码生成与大语言模型。本研究在更大规模数据集上进行了额外实验验证，提供了理论分析补充。系统性评估了方法在不同场景下的适用性和局限性。,机器学习,13219,2023,吴昊 等,人工智能学报
paper_zh_0803,因果推断在推荐系统中的应用（扩展研究 20）,因果推断在推荐系统中的应用。本研究在更大规模数据集上进行了额外实验验证，提供了理论分析补充。系统性评估了方法在不同场景下的适用性和局限性。,计算机视觉,7108,2024,陈晨 等,数据挖掘与知识发现
paper_zh_0804,联邦学习隐私保护技术（扩展研究 32）,联邦学习隐私保护技术。本研究在更大规模数据集上进行了额外实验验证，提供了理论分析补充。系统性评估了方法在不同场景下的适用性和局限性。,计算机视觉,17658,2023,孙鹏 等,中国计算机大会
paper_zh_0805,代码生成与大语言模型（扩展研究 17）,代码生成与大语言模型。本研究在更大规模数据集上进行了额外实验验证，提供了理论分析补充。系统性评估了方法在不同场景下的适用性和局限性。,强化学习,12885,2024,孙鹏 等,AAAI
paper_zh_0806,基于图神经网络的推荐系统（扩展研究 3）,基于图神经网络的推荐系统。本研究在更大规模数据集上进行了额外实验验证，提供了理论分析补充。系统性评估了方法在不同场景下的适用性和局限性。,强化学习,16729,2024,张伟 等,数据挖掘与知识发现
paper_zh_0807,自监督学习前沿进展（扩展研究 7）,自监督学习前沿进展。本研究在更大规模数据集上进行了额外实验验证，提供了理论分析补充。系统性评估了方法在不同场景下的适用性和局限性。,图机器学习,15426,2023,郑宇 等,AAAI
paper_zh_0808,深度学习在医疗影像中的应用（扩展研究 49）,深度学习在医疗影像中的应用。本研究在更大规模数据集上进行了额外实验验证，提供了理论分析补充。系统性评估了方法在不同场景下的适用性和局限性。,强化学习,11267,2024,刘洋 等,ACL 中文研讨会
paper_zh_0809,因果推断在推荐系统中的应用（扩展研究 46）,因果推断在推荐系统中的应用。本研究在更大规模数据集上进行了额外实验验证，提供了理论分析补充。系统性评估了方法在不同场景下的适用性和局限性。,自然语言处理,14668,2024,赵磊 等,人工智能学报
paper_zh_0810,知识蒸馏模型压缩技术（扩展研究 14）,知识蒸馏模型压缩技术。本研究在更大规模数据集上进行了额外实验验证，提供了理论分析补充。系统性评估了方法在不同场景下的适用性和局限性。,图机器学习,10285,2022,李明 等,自然语言处理前沿
paper_zh_0811,向量数据库技术选型与实践（扩展研究 11）,向量数据库技术选型与实践。本研究在更大规模数据集上进行了额外实验验证，提供了理论分析补充。系统性评估了方法在不同场景下的适用性和局限性。,计算机视觉,14438,2023,张伟 等,NeurIPS
paper_zh_0812,向量数据库技术选型与实践（扩展研究 37）,向量数据库技术选型与实践。本研究在更大规模数据集上进行了额外实验验证，提供了理论分析补充。系统性评估了方法在不同场景下的适用性和局限性。,数据系统,16697,2023,刘洋 等,NeurIPS
paper_zh_0813,分布式训练系统优化策略（扩展研究 35）,分布式训练系统优化策略。本研究在更大规模数据集上进行了额外实验验证，提供了理论分析补充。系统性评估了方法在不同场景下的适用性和局限性。,机器学习,12072,2024,张伟 等,NeurIPS
paper_zh_0814,大语言模型知识图谱构建综述（扩展研究 44）,大语言模型知识图谱构建综述。本研究在更大规模数据集上进行了额外实验验证，提供了理论分析补充。系统性评估了方法在不同场景下的适用性和局限性。,自然语言处理,6291,2022,刘洋 等,数据挖掘与知识发现
paper_zh_0815,Apache Arrow 列式内存格式优化研究（扩展研究 37）,Apache Arrow 列式内存格式优化研究。本研究在更大规模数据集上进行了额外实验验证，提供了理论分析补充。系统性评估了方法在不同场景下的适用性和局限性。,强化学习,12996,2022,李明 等,ACL 中文研讨会
paper_zh_0816,知识蒸馏模型压缩技术（扩展研究 38）,知识蒸馏模型压缩技术。本研究在更大规模数据集上进行了额外实验验证，提供了理论分析补充。系统性评估了方法在不同场景下的适用性和局限性。,机器学习,14122,2023,孙鹏 等,人工智能学报
paper_zh_0817,深度学习在医疗影像中的应用（扩展研究 16）,深度学习在医疗影像中的应用。本研究在更大规模数据集上进行了额外实验验证，提供了理论分析补充。系统性评估了方法在不同场景下的适用性和局限性。,数据系统,11256,2022,张伟 等,ACL 中文研讨会
paper_zh_0818,联邦学习隐私保护技术（扩展研究 16）,联邦学习隐私保护技术。本研究在更大规模数据集上进行了额外实验验证，提供了理论分析补充。系统性评估了方法在不同场景下的适用性和局限性。,强化学习,8837,2023,吴昊 等,ACL 中文研讨会
paper_zh_0819,基于图神经网络的推荐系统（扩展研究 28）,基于图神经网络的推荐系统。本研究在更大规模数据集上进行了额外实验验证，提供了理论分析补充。系统性评估了方法在不同场景下的适用性和局限性。,数据系统,11913,2022,周涛 等,数据挖掘与知识发现
paper_zh_0820,因果推断在推荐系统中的应用（扩展研究 42）,因果推断在推荐系统中的应用。本研究在更大规模数据集上进行了额外实验验证，提供了理论分析补充。系统性评估了方法在不同场景下的适用性和局限性。,机器学习,15411,2022,赵磊 等,NeurIPS
paper_zh_0821,自监督学习前沿进展（扩展研究 22）,自监督学习前沿进展。本研究在更大规模数据集上进行了额外实验验证，提供了理论分析补充。系统性评估了方法在不同场景下的适用性和局限性。,强化学习,12034,2023,刘洋 等,自然语言处理前沿
paper_zh_0822,联邦学习隐私保护技术（扩展研究 32）,联邦学习隐私保护技术。本研究在更大规模数据集上进行了额外实验验证，提供了理论分析补充。系统性评估了方法在不同场景下的适用性和局限性。,数据系统,4556,2023,陈晨 等,NeurIPS
paper_zh_0823,Apache Arrow 列式内存格式优化研究（扩展研究 40）,Apache Arrow 列式内存格式优化研究。本研究在更大规模数据集上进行了额外实验验证，提供了理论分析补充。系统性评估了方法在不同场景下的适用性和局限性。,数据系统,7997,2022,孙鹏 等,AAAI
paper_zh_0824,因果推断在推荐系统中的应用（扩展研究 2）,因果推断在推荐系统中的应用。本研究在更大规模数据集上进行了额外实验验证，提供了理论分析补充。系统性评估了方法在不同场景下的适用性和局限性。,强化学习,13672,2024,赵磊 等,AAAI
paper_zh_0825,代码生成与大语言模型（扩展研究 37）,代码生成与大语言模型。本研究在更大规模数据集上进行了额外实验验证，提供了理论分析补充。系统性评估了方法在不同场景下的适用性和局限性。,数据系统,14711,2024,周涛 等,数据挖掘与知识发现
paper_zh_0826,分布式训练系统优化策略（扩展研究 44）,分布式训练系统优化策略。本研究在更大规模数据集上进行了额外实验验证，提供了理论分析补充。系统性评估了方法在不同场景下的适用性和局限性。,自然语言处理,4820,2023,吴昊 等,自然语言处理前沿
paper_zh_0827,多模态预训练模型进展（扩展研究 9）,多模态预训练模型进展。本研究在更大规模数据集上进行了额外实验验证，提供了理论分析补充。系统性评估了方法在不同场景下的适用性和局限性。,数据系统,4952,2022,赵磊 等,ACL 中文研讨会
paper_zh_0828,检索增强生成企业智能客服应用（扩展研究 39）,检索增强生成企业智能客服应用。本研究在更大规模数据集上进行了额外实验验证，提供了理论分析补充。系统性评估了方法在不同场景下的适用性和局限性。,机器学习,17120,2022,孙鹏 等,人工智能学报
paper_zh_0829,检索增强生成企业智能客服应用（扩展研究 22）,检索增强生成企业智能客服应用。本研究在更大规模数据集上进行了额外实验验证，提供了理论分析补充。系统性评估了方法在不同场景下的适用性和局限性。,数据系统,8458,2023,吴昊 等,中国计算机大会
paper_zh_0830,大语言模型知识图谱构建综述（扩展研究 38）,大语言模型知识图谱构建综述。本研究在更大规模数据集上进行了额外实验验证，提供了理论分析补充。系统性评估了方法在不同场景下的适用性和局限性。,强化学习,9370,2024,张伟 等,AAAI
paper_zh_0831,自监督学习前沿进展（扩展研究 7）,自监督学习前沿进展。本研究在更大规模数据集上进行了额外实验验证，提供了理论分析补充。系统性评估了方法在不同场景下的适用性和局限性。,机器学习,16772,2023,孙鹏 等,中国计算机大会
paper_zh_0832,因果推断在推荐系统中的应用（扩展研究 31）,因果推断在推荐系统中的应用。本研究在更大规模数据集上进行了额外实验验证，提供了理论分析补充。系统性评估了方法在不同场景下的适用性和局限性。,计算机视觉,16592,2024,张伟 等,中国计算机大会
paper_zh_0833,向量数据库技术选型与实践（扩展研究 39）,向量数据库技术选型与实践。本研究在更大规模数据集上进行了额外实验验证，提供了理论分析补充。系统性评估了方法在不同场景下的适用性和局限性。,机器学习,15002,2022,张伟 等,NeurIPS
paper_zh_0834,多模态预训练模型进展（扩展研究 34）,多模态预训练模型进展。本研究在更大规模数据集上进行了额外实验验证，提供了理论分析补充。系统性评估了方法在不同场景下的适用性和局限性。,自然语言处理,9246,2023,孙鹏 等,NeurIPS
paper_zh_0835,Apache Arrow 列式内存格式优化研究（扩展研究 42）,Apache Arrow 列式内存格式优化研究。本研究在更大规模数据集上进行了额外实验验证，提供了理论分析补充。系统性评估了方法在不同场景下的适用性和局限性。,强化学习,9063,2024,周涛 等,AAAI
paper_zh_0836,自监督学习前沿进展（扩展研究 27）,自监督学习前沿进展。本研究在更大规模数据集上进行了额外实验验证，提供了理论分析补充。系统性评估了方法在不同场景下的适用性和局限性。,自然语言处理,16341,2024,刘洋 等,人工智能学报
paper_zh_0837,时间序列异常检测方法对比（扩展研究 4）,时间序列异常检测方法对比。本研究在更大规模数据集上进行了额外实验验证，提供了理论分析补充。系统性评估了方法在不同场景下的适用性和局限性。,图机器学习,13084,2024,陈晨 等,中国计算机大会
paper_zh_0838,向量数据库技术选型与实践（扩展研究 38）,向量数据库技术选型与实践。本研究在更大规模数据集上进行了额外实验验证，提供了理论分析补充。系统性评估了方法在不同场景下的适用性和局限性。,自然语言处理,12702,2023,郑宇 等,NeurIPS
paper_zh_0839,向量数据库技术选型与实践（扩展研究 35）,向量数据库技术选型与实践。本研究在更大规模数据集上进行了额外实验验证，提供了理论分析补充。系统性评估了方法在不同场景下的适用性和局限性。,数据系统,7588,2022,李明 等,ACL 中文研讨会
paper_zh_0840,基于图神经网络的推荐系统（扩展研究 20）,基于图神经网络的推荐系统。本研究在更大规模数据集上进行了额外实验验证，提供了理论分析补充。系统性评估了方法在不同场景下的适用性和局限性。,机器学习,6061,2024,吴昊 等,数据挖掘与知识发现
paper_zh_0841,时间序列异常检测方法对比（扩展研究 47）,时间序列异常检测方法对比。本研究在更大规模数据集上进行了额外实验验证，提供了理论分析补充。系统性评估了方法在不同场景下的适用性和局限性。,计算机视觉,6869,2023,李明 等,中国计算机大会
paper_zh_0842,代码生成与大语言模型（扩展研究 39）,代码生成与大语言模型。本研究在更大规模数据集上进行了额外实验验证，提供了理论分析补充。系统性评估了方法在不同场景下的适用性和局限性。,机器学习,14751,2022,刘洋 等,人工智能学报
paper_zh_0843,因果推断在推荐系统中的应用（扩展研究 21）,因果推断在推荐系统中的应用。本研究在更大规模数据集上进行了额外实验验证，提供了理论分析补充。系统性评估了方法在不同场景下的适用性和局限性。,计算机视觉,16255,2022,郑宇 等,AAAI
paper_zh_0844,时间序列异常检测方法对比（扩展研究 38）,时间序列异常检测方法对比。本研究在更大规模数据集上进行了额外实验验证，提供了理论分析补充。系统性评估了方法在不同场景下的适用性和局限性。,自然语言处理,8631,2022,王强 等,AAAI
paper_zh_0845,联邦学习隐私保护技术（扩展研究 41）,联邦学习隐私保护技术。本研究在更大规模数据集上进行了额外实验验证，提供了理论分析补充。系统性评估了方法在不同场景下的适用性和局限性。,图机器学习,14237,2024,郑宇 等,中国计算机大会
paper_zh_0846,时间序列异常检测方法对比（扩展研究 16）,时间序列异常检测方法对比。本研究在更大规模数据集上进行了额外实验验证，提供了理论分析补充。系统性评估了方法在不同场景下的适用性和局限性。,强化学习,16457,2022,刘洋 等,自然语言处理前沿
paper_zh_0847,分布式训练系统优化策略（扩展研究 30）,分布式训练系统优化策略。本研究在更大规模数据集上进行了额外实验验证，提供了理论分析补充。系统性评估了方法在不同场景下的适用性和局限性。,图机器学习,15130,2023,周涛 等,NeurIPS
paper_zh_0848,大语言模型知识图谱构建综述（扩展研究 42）,大语言模型知识图谱构建综述。本研究在更大规模数据集上进行了额外实验验证，提供了理论分析补充。系统性评估了方法在不同场景下的适用性和局限性。,数据系统,10344,2022,吴昊 等,自然语言处理前沿
paper_zh_0849,代码生成与大语言模型（扩展研究 6）,代码生成与大语言模型。本研究在更大规模数据集上进行了额外实验验证，提供了理论分析补充。系统性评估了方法在不同场景下的适用性和局限性。,计算机视觉,7309,2023,张伟 等,数据挖掘与知识发现
paper_zh_0850,因果推断在推荐系统中的应用（扩展研究 41）,因果推断在推荐系统中的应用。本研究在更大规模数据集上进行了额外实验验证，提供了理论分析补充。系统性评估了方法在不同场景下的适用性和局限性。,自然语言处理,17403,2023,吴昊 等,ACL 中文研讨会
paper_zh_0851,联邦学习隐私保护技术（扩展研究 20）,联邦学习隐私保护技术。本研究在更大规模数据集上进行了额外实验验证，提供了理论分析补充。系统性评估了方法在不同场景下的适用性和局限性。,图机器学习,8754,2024,刘洋 等,中国计算机大会
paper_zh_0852,向量数据库技术选型与实践（扩展研究 34）,向量数据库技术选型与实践。本研究在更大规模数据集上进行了额外实验验证，提供了理论分析补充。系统性评估了方法在不同场景下的适用性和局限性。,图机器学习,7220,2023,刘洋 等,ACL 中文研讨会
paper_zh_0853,知识蒸馏模型压缩技术（扩展研究 38）,知识蒸馏模型压缩技术。本研究在更大规模数据集上进行了额外实验验证，提供了理论分析补充。系统性评估了方法在不同场景下的适用性和局限性。,强化学习,14887,2022,郑宇 等,人工智能学报
paper_zh_0854,自监督学习前沿进展（扩展研究 30）,自监督学习前沿进展。本研究在更大规模数据集上进行了额外实验验证，提供了理论分析补充。系统性评估了方法在不同场景下的适用性和局限性。,强化学习,15561,2022,王强 等,NeurIPS
paper_zh_0855,Apache Arrow 列式内存格式优化研究（扩展研究 34）,Apache Arrow 列式内存格式优化研究。本研究在更大规模数据集上进行了额外实验验证，提供了理论分析补充。系统性评估了方法在不同场景下的适用性和局限性。,数据系统,6733,2022,周涛 等,中国计算机大会
paper_zh_0856,代码生成与大语言模型（扩展研究 21）,代码生成与大语言模型。本研究在更大规模数据集上进行了额外实验验证，提供了理论分析补充。系统性评估了方法在不同场景下的适用性和局限性。,计算机视觉,13162,2022,吴昊 等,AAAI
paper_zh_0857,Apache Arrow 列式内存格式优化研究（扩展研究 16）,Apache Arrow 列式内存格式优化研究。本研究在更大规模数据集上进行了额外实验验证，提供了理论分析补充。系统性评估了方法在不同场景下的适用性和局限性。,机器学习,17515,2022,李明 等,人工智能学报
paper_zh_0858,多模态预训练模型进展（扩展研究 28）,多模态预训练模型进展。本研究在更大规模数据集上进行了额外实验验证，提供了理论分析补充。系统性评估了方法在不同场景下的适用性和局限性。,数据系统,4925,2023,周涛 等,人工智能学报
paper_zh_0859,深度学习在医疗影像中的应用（扩展研究 30）,深度学习在医疗影像中的应用。本研究在更大规模数据集上进行了额外实验验证，提供了理论分析补充。系统性评估了方法在不同场景下的适用性和局限性。,数据系统,12082,2022,郑宇 等,ACL 中文研讨会
paper_zh_0860,知识蒸馏模型压缩技术（扩展研究 44）,知识蒸馏模型压缩技术。本研究在更大规模数据集上进行了额外实验验证，提供了理论分析补充。系统性评估了方法在不同场景下的适用性和局限性。,强化学习,13153,2024,郑宇 等,ACL 中文研讨会
paper_zh_0861,自监督学习前沿进展（扩展研究 16）,自监督学习前沿进展。本研究在更大规模数据集上进行了额外实验验证，提供了理论分析补充。系统性评估了方法在不同场景下的适用性和局限性。,机器学习,4967,2022,吴昊 等,NeurIPS
paper_zh_0862,知识蒸馏模型压缩技术（扩展研究 30）,知识蒸馏模型压缩技术。本研究在更大规模数据集上进行了额外实验验证，提供了理论分析补充。系统性评估了方法在不同场景下的适用性和局限性。,计算机视觉,8420,2022,赵磊 等,自然语言处理前沿
paper_zh_0863,知识蒸馏模型压缩技术（扩展研究 13）,知识蒸馏模型压缩技术。本研究在更大规模数据集上进行了额外实验验证，提供了理论分析补充。系统性评估了方法在不同场景下的适用性和局限性。,图机器学习,7903,2024,张伟 等,ACL 中文研讨会
paper_zh_0864,大语言模型知识图谱构建综述（扩展研究 26）,大语言模型知识图谱构建综述。本研究在更大规模数据集上进行了额外实验验证，提供了理论分析补充。系统性评估了方法在不同场景下的适用性和局限性。,数据系统,11174,2023,吴昊 等,NeurIPS
paper_zh_0865,因果推断在推荐系统中的应用（扩展研究 43）,因果推断在推荐系统中的应用。本研究在更大规模数据集上进行了额外实验验证，提供了理论分析补充。系统性评估了方法在不同场景下的适用性和局限性。,机器学习,6781,2023,郑宇 等,NeurIPS
paper_zh_0866,代码生成与大语言模型（扩展研究 13）,代码生成与大语言模型。本研究在更大规模数据集上进行了额外实验验证，提供了理论分析补充。系统性评估了方法在不同场景下的适用性和局限性。,强化学习,10193,2023,赵磊 等,人工智能学报
paper_zh_0867,向量数据库技术选型与实践（扩展研究 14）,向量数据库技术选型与实践。本研究在更大规模数据集上进行了额外实验验证，提供了理论分析补充。系统性评估了方法在不同场景下的适用性和局限性。,数据系统,10633,2023,郑宇 等,人工智能学报
paper_zh_0868,联邦学习隐私保护技术（扩展研究 18）,联邦学习隐私保护技术。本研究在更大规模数据集上进行了额外实验验证，提供了理论分析补充。系统性评估了方法在不同场景下的适用性和局限性。,数据系统,15436,2023,李明 等,数据挖掘与知识发现
paper_zh_0869,中文文本分类与情感分析综述（扩展研究 22）,中文文本分类与情感分析综述。本研究在更大规模数据集上进行了额外实验验证，提供了理论分析补充。系统性评估了方法在不同场景下的适用性和局限性。,强化学习,7749,2023,赵磊 等,人工智能学报
paper_zh_0870,基于图神经网络的推荐系统（扩展研究 30）,基于图神经网络的推荐系统。本研究在更大规模数据集上进行了额外实验验证，提供了理论分析补充。系统性评估了方法在不同场景下的适用性和局限性。,自然语言处理,15782,2023,陈晨 等,数据挖掘与知识发现
paper_zh_0871,多模态预训练模型进展（扩展研究 11）,多模态预训练模型进展。本研究在更大规模数据集上进行了额外实验验证，提供了理论分析补充。系统性评估了方法在不同场景下的适用性和局限性。,图机器学习,9294,2022,孙鹏 等,数据挖掘与知识发现
paper_zh_0872,因果推断在推荐系统中的应用（扩展研究 5）,因果推断在推荐系统中的应用。本研究在更大规模数据集上进行了额外实验验证，提供了理论分析补充。系统性评估了方法在不同场景下的适用性和局限性。,图机器学习,15586,2022,吴昊 等,AAAI
paper_zh_0873,知识蒸馏模型压缩技术（扩展研究 8）,知识蒸馏模型压缩技术。本研究在更大规模数据集上进行了额外实验验证，提供了理论分析补充。系统性评估了方法在不同场景下的适用性和局限性。,机器学习,17417,2022,赵磊 等,数据挖掘与知识发现
paper_zh_0874,联邦学习隐私保护技术（扩展研究 17）,联邦学习隐私保护技术。本研究在更大规模数据集上进行了额外实验验证，提供了理论分析补充。系统性评估了方法在不同场景下的适用性和局限性。,数据系统,16899,2022,吴昊 等,人工智能学报
paper_zh_0875,向量数据库技术选型与实践（扩展研究 22）,向量数据库技术选型与实践。本研究在更大规模数据集上进行了额外实验验证，提供了理论分析补充。系统性评估了方法在不同场景下的适用性和局限性。,计算机视觉,11535,2023,陈晨 等,数据挖掘与知识发现
paper_zh_0876,联邦学习隐私保护技术（扩展研究 4）,联邦学习隐私保护技术。本研究在更大规模数据集上进行了额外实验验证，提供了理论分析补充。系统性评估了方法在不同场景下的适用性和局限性。,数据系统,14633,2023,张伟 等,数据挖掘与知识发现
paper_zh_0877,知识蒸馏模型压缩技术（扩展研究 36）,知识蒸馏模型压缩技术。本研究在更大规模数据集上进行了额外实验验证，提供了理论分析补充。系统性评估了方法在不同场景下的适用性和局限性。,数据系统,4151,2024,吴昊 等,ACL 中文研讨会
paper_zh_0878,分布式训练系统优化策略（扩展研究 15）,分布式训练系统优化策略。本研究在更大规模数据集上进行了额外实验验证，提供了理论分析补充。系统性评估了方法在不同场景下的适用性和局限性。,图机器学习,5109,2024,刘洋 等,AAAI
paper_zh_0879,基于图神经网络的推荐系统（扩展研究 46）,基于图神经网络的推荐系统。本研究在更大规模数据集上进行了额外实验验证，提供了理论分析补充。系统性评估了方法在不同场景下的适用性和局限性。,数据系统,4991,2022,周涛 等,AAAI
paper_zh_0880,深度学习在医疗影像中的应用（扩展研究 5）,深度学习在医疗影像中的应用。本研究在更大规模数据集上进行了额外实验验证，提供了理论分析补充。系统性评估了方法在不同场景下的适用性和局限性。,图机器学习,8073,2024,陈晨 等,数据挖掘与知识发现
paper_zh_0881,代码生成与大语言模型（扩展研究 24）,代码生成与大语言模型。本研究在更大规模数据集上进行了额外实验验证，提供了理论分析补充。系统性评估了方法在不同场景下的适用性和局限性。,强化学习,10173,2022,刘洋 等,人工智能学报
paper_zh_0882,知识蒸馏模型压缩技术（扩展研究 36）,知识蒸馏模型压缩技术。本研究在更大规模数据集上进行了额外实验验证，提供了理论分析补充。系统性评估了方法在不同场景下的适用性和局限性。,自然语言处理,13471,2022,刘洋 等,AAAI
paper_zh_0883,代码生成与大语言模型（扩展研究 25）,代码生成与大语言模型。本研究在更大规模数据集上进行了额外实验验证，提供了理论分析补充。系统性评估了方法在不同场景下的适用性和局限性。,图机器学习,6267,2023,赵磊 等,NeurIPS
paper_zh_0884,基于图神经网络的推荐系统（扩展研究 6）,基于图神经网络的推荐系统。本研究在更大规模数据集上进行了额外实验验证，提供了理论分析补充。系统性评估了方法在不同场景下的适用性和局限性。,机器学习,9190,2023,周涛 等,人工智能学报
paper_zh_0885,时间序列异常检测方法对比（扩展研究 10）,时间序列异常检测方法对比。本研究在更大规模数据集上进行了额外实验验证，提供了理论分析补充。系统性评估了方法在不同场景下的适用性和局限性。,图机器学习,10593,2022,吴昊 等,自然语言处理前沿
paper_zh_0886,自监督学习前沿进展（扩展研究 42）,自监督学习前沿进展。本研究在更大规模数据集上进行了额外实验验证，提供了理论分析补充。系统性评估了方法在不同场景下的适用性和局限性。,机器学习,7318,2022,陈晨 等,数据挖掘与知识发现
paper_zh_0887,自监督学习前沿进展（扩展研究 11）,自监督学习前沿进展。本研究在更大规模数据集上进行了额外实验验证，提供了理论分析补充。系统性评估了方法在不同场景下的适用性和局限性。,强化学习,11601,2022,孙鹏 等,中国计算机大会
paper_zh_0888,多模态预训练模型进展（扩展研究 49）,多模态预训练模型进展。本研究在更大规模数据集上进行了额外实验验证，提供了理论分析补充。系统性评估了方法在不同场景下的适用性和局限性。,强化学习,15005,2023,王强 等,数据挖掘与知识发现
paper_zh_0889,多模态预训练模型进展（扩展研究 42）,多模态预训练模型进展。本研究在更大规模数据集上进行了额外实验验证，提供了理论分析补充。系统性评估了方法在不同场景下的适用性和局限性。,强化学习,10190,2024,周涛 等,数据挖掘与知识发现
paper_zh_0890,联邦学习隐私保护技术（扩展研究 28）,联邦学习隐私保护技术。本研究在更大规模数据集上进行了额外实验验证，提供了理论分析补充。系统性评估了方法在不同场景下的适用性和局限性。,计算机视觉,15851,2022,刘洋 等,数据挖掘与知识发现
paper_zh_0891,大语言模型知识图谱构建综述（扩展研究 15）,大语言模型知识图谱构建综述。本研究在更大规模数据集上进行了额外实验验证，提供了理论分析补充。系统性评估了方法在不同场景下的适用性和局限性。,数据系统,15215,2024,赵磊 等,数据挖掘与知识发现
paper_zh_0892,联邦学习隐私保护技术（扩展研究 37）,联邦学习隐私保护技术。本研究在更大规模数据集上进行了额外实验验证，提供了理论分析补充。系统性评估了方法在不同场景下的适用性和局限性。,计算机视觉,16409,2023,王强 等,NeurIPS
paper_zh_0893,向量数据库技术选型与实践（扩展研究 38）,向量数据库技术选型与实践。本研究在更大规模数据集上进行了额外实验验证，提供了理论分析补充。系统性评估了方法在不同场景下的适用性和局限性。,图机器学习,7100,2022,郑宇 等,ACL 中文研讨会
paper_zh_0894,分布式训练系统优化策略（扩展研究 38）,分布式训练系统优化策略。本研究在更大规模数据集上进行了额外实验验证，提供了理论分析补充。系统性评估了方法在不同场景下的适用性和局限性。,自然语言处理,8596,2022,王强 等,数据挖掘与知识发现
paper_zh_0895,检索增强生成企业智能客服应用（扩展研究 34）,检索增强生成企业智能客服应用。本研究在更大规模数据集上进行了额外实验验证，提供了理论分析补充。系统性评估了方法在不同场景下的适用性和局限性。,自然语言处理,16348,2024,张伟 等,人工智能学报
paper_zh_0896,检索增强生成企业智能客服应用（扩展研究 24）,检索增强生成企业智能客服应用。本研究在更大规模数据集上进行了额外实验验证，提供了理论分析补充。系统性评估了方法在不同场景下的适用性和局限性。,数据系统,7942,2024,郑宇 等,AAAI
paper_zh_0897,向量数据库技术选型与实践（扩展研究 34）,向量数据库技术选型与实践。本研究在更大规模数据集上进行了额外实验验证，提供了理论分析补充。系统性评估了方法在不同场景下的适用性和局限性。,强化学习,9906,2023,赵磊 等,AAAI
paper_zh_0898,向量数据库技术选型与实践（扩展研究 36）,向量数据库技术选型与实践。本研究在更大规模数据集上进行了额外实验验证，提供了理论分析补充。系统性评估了方法在不同场景下的适用性和局限性。,计算机视觉,14042,2022,赵磊 等,自然语言处理前沿
paper_zh_0899,代码生成与大语言模型（扩展研究 17）,代码生成与大语言模型。本研究在更大规模数据集上进行了额外实验验证，提供了理论分析补充。系统性评估了方法在不同场景下的适用性和局限性。,图机器学习,5401,2023,张伟 等,中国计算机大会
paper_zh_0900,基于图神经网络的推荐系统（扩展研究 27）,基于图神经网络的推荐系统。本研究在更大规模数据集上进行了额外实验验证，提供了理论分析补充。系统性评估了方法在不同场景下的适用性和局限性。,自然语言处理,7680,2022,刘洋 等,ACL 中文研讨会
paper_zh_0901,检索增强生成企业智能客服应用（扩展研究 29）,检索增强生成企业智能客服应用。本研究在更大规模数据集上进行了额外实验验证，提供了理论分析补充。系统性评估了方法在不同场景下的适用性和局限性。,图机器学习,11779,2022,赵磊 等,数据挖掘与知识发现
paper_zh_0902,自监督学习前沿进展（扩展研究 41）,自监督学习前沿进展。本研究在更大规模数据集上进行了额外实验验证，提供了理论分析补充。系统性评估了方法在不同场景下的适用性和局限性。,计算机视觉,4148,2023,周涛 等,自然语言处理前沿
paper_zh_0903,深度学习在医疗影像中的应用（扩展研究 25）,深度学习在医疗影像中的应用。本研究在更大规模数据集上进行了额外实验验证，提供了理论分析补充。系统性评估了方法在不同场景下的适用性和局限性。,图机器学习,11258,2022,孙鹏 等,人工智能学报
paper_zh_0904,因果推断在推荐系统中的应用（扩展研究 47）,因果推断在推荐系统中的应用。本研究在更大规模数据集上进行了额外实验验证，提供了理论分析补充。系统性评估了方法在不同场景下的适用性和局限性。,图机器学习,11154,2024,王强 等,中国计算机大会
paper_zh_0905,检索增强生成企业智能客服应用（扩展研究 49）,检索增强生成企业智能客服应用。本研究在更大规模数据集上进行了额外实验验证，提供了理论分析补充。系统性评估了方法在不同场景下的适用性和局限性。,自然语言处理,17004,2023,张伟 等,自然语言处理前沿
paper_zh_0906,检索增强生成企业智能客服应用（扩展研究 36）,检索增强生成企业智能客服应用。本研究在更大规模数据集上进行了额外实验验证，提供了理论分析补充。系统性评估了方法在不同场景下的适用性和局限性。,数据系统,10681,2024,赵磊 等,NeurIPS
paper_zh_0907,时间序列异常检测方法对比（扩展研究 15）,时间序列异常检测方法对比。本研究在更大规模数据集上进行了额外实验验证，提供了理论分析补充。系统性评估了方法在不同场景下的适用性和局限性。,计算机视觉,8883,2023,孙鹏 等,中国计算机大会
paper_zh_0908,时间序列异常检测方法对比（扩展研究 35）,时间序列异常检测方法对比。本研究在更大规模数据集上进行了额外实验验证，提供了理论分析补充。系统性评估了方法在不同场景下的适用性和局限性。,强化学习,17500,2024,王强 等,ACL 中文研讨会
paper_zh_0909,因果推断在推荐系统中的应用（扩展研究 12）,因果推断在推荐系统中的应用。本研究在更大规模数据集上进行了额外实验验证，提供了理论分析补充。系统性评估了方法在不同场景下的适用性和局限性。,机器学习,17943,2023,吴昊 等,NeurIPS
paper_zh_0910,多模态预训练模型进展（扩展研究 40）,多模态预训练模型进展。本研究在更大规模数据集上进行了额外实验验证，提供了理论分析补充。系统性评估了方法在不同场景下的适用性和局限性。,自然语言处理,16966,2024,陈晨 等,NeurIPS
paper_zh_0911,代码生成与大语言模型（扩展研究 44）,代码生成与大语言模型。本研究在更大规模数据集上进行了额外实验验证，提供了理论分析补充。系统性评估了方法在不同场景下的适用性和局限性。,数据系统,7497,2023,刘洋 等,中国计算机大会
paper_zh_0912,Apache Arrow 列式内存格式优化研究（扩展研究 17）,Apache Arrow 列式内存格式优化研究。本研究在更大规模数据集上进行了额外实验验证，提供了理论分析补充。系统性评估了方法在不同场景下的适用性和局限性。,数据系统,4269,2024,陈晨 等,NeurIPS
paper_zh_0913,向量数据库技术选型与实践（扩展研究 32）,向量数据库技术选型与实践。本研究在更大规模数据集上进行了额外实验验证，提供了理论分析补充。系统性评估了方法在不同场景下的适用性和局限性。,机器学习,6583,2024,孙鹏 等,ACL 中文研讨会
paper_zh_0914,知识蒸馏模型压缩技术（扩展研究 2）,知识蒸馏模型压缩技术。本研究在更大规模数据集上进行了额外实验验证，提供了理论分析补充。系统性评估了方法在不同场景下的适用性和局限性。,图机器学习,7860,2022,孙鹏 等,AAAI
paper_zh_0915,大语言模型知识图谱构建综述（扩展研究 34）,大语言模型知识图谱构建综述。本研究在更大规模数据集上进行了额外实验验证，提供了理论分析补充。系统性评估了方法在不同场景下的适用性和局限性。,图机器学习,17522,2023,周涛 等,AAAI
paper_zh_0916,向量数据库技术选型与实践（扩展研究 42）,向量数据库技术选型与实践。本研究在更大规模数据集上进行了额外实验验证，提供了理论分析补充。系统性评估了方法在不同场景下的适用性和局限性。,图机器学习,5479,2023,刘洋 等,AAAI
paper_zh_0917,分布式训练系统优化策略（扩展研究 16）,分布式训练系统优化策略。本研究在更大规模数据集上进行了额外实验验证，提供了理论分析补充。系统性评估了方法在不同场景下的适用性和局限性。,强化学习,15138,2022,刘洋 等,中国计算机大会
paper_zh_0918,分布式训练系统优化策略（扩展研究 46）,分布式训练系统优化策略。本研究在更大规模数据集上进行了额外实验验证，提供了理论分析补充。系统性评估了方法在不同场景下的适用性和局限性。,机器学习,5604,2023,孙鹏 等,ACL 中文研讨会
paper_zh_0919,深度学习在医疗影像中的应用（扩展研究 13）,深度学习在医疗影像中的应用。本研究在更大规模数据集上进行了额外实验验证，提供了理论分析补充。系统性评估了方法在不同场景下的适用性和局限性。,数据系统,16316,2022,吴昊 等,AAAI
paper_zh_0920,自监督学习前沿进展（扩展研究 22）,自监督学习前沿进展。本研究在更大规模数据集上进行了额外实验验证，提供了理论分析补充。系统性评估了方法在不同场景下的适用性和局限性。,计算机视觉,9013,2022,陈晨 等,人工智能学报
paper_zh_0921,多模态预训练模型进展（扩展研究 42）,多模态预训练模型进展。本研究在更大规模数据集上进行了额外实验验证，提供了理论分析补充。系统性评估了方法在不同场景下的适用性和局限性。,机器学习,9427,2023,郑宇 等,人工智能学报
paper_zh_0922,检索增强生成企业智能客服应用（扩展研究 12）,检索增强生成企业智能客服应用。本研究在更大规模数据集上进行了额外实验验证，提供了理论分析补充。系统性评估了方法在不同场景下的适用性和局限性。,数据系统,13419,2023,李明 等,人工智能学报
paper_zh_0923,时间序列异常检测方法对比（扩展研究 2）,时间序列异常检测方法对比。本研究在更大规模数据集上进行了额外实验验证，提供了理论分析补充。系统性评估了方法在不同场景下的适用性和局限性。,机器学习,12379,2023,吴昊 等,NeurIPS
paper_zh_0924,大语言模型知识图谱构建综述（扩展研究 26）,大语言模型知识图谱构建综述。本研究在更大规模数据集上进行了额外实验验证，提供了理论分析补充。系统性评估了方法在不同场景下的适用性和局限性。,机器学习,15978,2023,张伟 等,数据挖掘与知识发现
paper_zh_0925,知识蒸馏模型压缩技术（扩展研究 5）,知识蒸馏模型压缩技术。本研究在更大规模数据集上进行了额外实验验证，提供了理论分析补充。系统性评估了方法在不同场景下的适用性和局限性。,强化学习,6992,2023,张伟 等,AAAI
paper_zh_0926,因果推断在推荐系统中的应用（扩展研究 3）,因果推断在推荐系统中的应用。本研究在更大规模数据集上进行了额外实验验证，提供了理论分析补充。系统性评估了方法在不同场景下的适用性和局限性。,数据系统,14438,2022,周涛 等,AAAI
paper_zh_0927,时间序列异常检测方法对比（扩展研究 23）,时间序列异常检测方法对比。本研究在更大规模数据集上进行了额外实验验证，提供了理论分析补充。系统性评估了方法在不同场景下的适用性和局限性。,图机器学习,7264,2024,郑宇 等,中国计算机大会
paper_zh_0928,深度学习在医疗影像中的应用（扩展研究 10）,深度学习在医疗影像中的应用。本研究在更大规模数据集上进行了额外实验验证，提供了理论分析补充。系统性评估了方法在不同场景下的适用性和局限性。,强化学习,9116,2023,李明 等,中国计算机大会
paper_zh_0929,深度学习在医疗影像中的应用（扩展研究 42）,深度学习在医疗影像中的应用。本研究在更大规模数据集上进行了额外实验验证，提供了理论分析补充。系统性评估了方法在不同场景下的适用性和局限性。,数据系统,12054,2024,吴昊 等,AAAI
paper_zh_0930,联邦学习隐私保护技术（扩展研究 16）,联邦学习隐私保护技术。本研究在更大规模数据集上进行了额外实验验证，提供了理论分析补充。系统性评估了方法在不同场景下的适用性和局限性。,计算机视觉,17899,2022,李明 等,NeurIPS
paper_zh_0931,大语言模型知识图谱构建综述（扩展研究 13）,大语言模型知识图谱构建综述。本研究在更大规模数据集上进行了额外实验验证，提供了理论分析补充。系统性评估了方法在不同场景下的适用性和局限性。,计算机视觉,15195,2023,王强 等,ACL 中文研讨会
paper_zh_0932,因果推断在推荐系统中的应用（扩展研究 14）,因果推断在推荐系统中的应用。本研究在更大规模数据集上进行了额外实验验证，提供了理论分析补充。系统性评估了方法在不同场景下的适用性和局限性。,图机器学习,9677,2023,陈晨 等,人工智能学报
paper_zh_0933,联邦学习隐私保护技术（扩展研究 6）,联邦学习隐私保护技术。本研究在更大规模数据集上进行了额外实验验证，提供了理论分析补充。系统性评估了方法在不同场景下的适用性和局限性。,机器学习,17111,2022,张伟 等,数据挖掘与知识发现
paper_zh_0934,知识蒸馏模型压缩技术（扩展研究 12）,知识蒸馏模型压缩技术。本研究在更大规模数据集上进行了额外实验验证，提供了理论分析补充。系统性评估了方法在不同场景下的适用性和局限性。,数据系统,14101,2024,赵磊 等,中国计算机大会
paper_zh_0935,Apache Arrow 列式内存格式优化研究（扩展研究 44）,Apache Arrow 列式内存格式优化研究。本研究在更大规模数据集上进行了额外实验验证，提供了理论分析补充。系统性评估了方法在不同场景下的适用性和局限性。,自然语言处理,14793,2022,赵磊 等,数据挖掘与知识发现
paper_zh_0936,大语言模型知识图谱构建综述（扩展研究 29）,大语言模型知识图谱构建综述。本研究在更大规模数据集上进行了额外实验验证，提供了理论分析补充。系统性评估了方法在不同场景下的适用性和局限性。,强化学习,11106,2023,李明 等,AAAI
paper_zh_0937,基于图神经网络的推荐系统（扩展研究 16）,基于图神经网络的推荐系统。本研究在更大规模数据集上进行了额外实验验证，提供了理论分析补充。系统性评估了方法在不同场景下的适用性和局限性。,图机器学习,7643,2024,刘洋 等,人工智能学报
paper_zh_0938,联邦学习隐私保护技术（扩展研究 50）,联邦学习隐私保护技术。本研究在更大规模数据集上进行了额外实验验证，提供了理论分析补充。系统性评估了方法在不同场景下的适用性和局限性。,机器学习,5320,2023,周涛 等,自然语言处理前沿
paper_zh_0939,基于图神经网络的推荐系统（扩展研究 18）,基于图神经网络的推荐系统。本研究在更大规模数据集上进行了额外实验验证，提供了理论分析补充。系统性评估了方法在不同场景下的适用性和局限性。,计算机视觉,16051,2022,王强 等,自然语言处理前沿
paper_zh_0940,分布式训练系统优化策略（扩展研究 12）,分布式训练系统优化策略。本研究在更大规模数据集上进行了额外实验验证，提供了理论分析补充。系统性评估了方法在不同场景下的适用性和局限性。,图机器学习,8795,2024,王强 等,ACL 中文研讨会
paper_zh_0941,自监督学习前沿进展（扩展研究 13）,自监督学习前沿进展。本研究在更大规模数据集上进行了额外实验验证，提供了理论分析补充。系统性评估了方法在不同场景下的适用性和局限性。,机器学习,12317,2024,吴昊 等,中国计算机大会
paper_zh_0942,知识蒸馏模型压缩技术（扩展研究 43）,知识蒸馏模型压缩技术。本研究在更大规模数据集上进行了额外实验验证，提供了理论分析补充。系统性评估了方法在不同场景下的适用性和局限性。,计算机视觉,6965,2022,吴昊 等,自然语言处理前沿
paper_zh_0943,基于图神经网络的推荐系统（扩展研究 10）,基于图神经网络的推荐系统。本研究在更大规模数据集上进行了额外实验验证，提供了理论分析补充。系统性评估了方法在不同场景下的适用性和局限性。,强化学习,5813,2023,孙鹏 等,自然语言处理前沿
paper_zh_0944,向量数据库技术选型与实践（扩展研究 12）,向量数据库技术选型与实践。本研究在更大规模数据集上进行了额外实验验证，提供了理论分析补充。系统性评估了方法在不同场景下的适用性和局限性。,机器学习,10833,2024,孙鹏 等,ACL 中文研讨会
paper_zh_0945,大语言模型知识图谱构建综述（扩展研究 22）,大语言模型知识图谱构建综述。本研究在更大规模数据集上进行了额外实验验证，提供了理论分析补充。系统性评估了方法在不同场景下的适用性和局限性。,计算机视觉,16439,2022,周涛 等,数据挖掘与知识发现
paper_zh_0946,分布式训练系统优化策略（扩展研究 10）,分布式训练系统优化策略。本研究在更大规模数据集上进行了额外实验验证，提供了理论分析补充。系统性评估了方法在不同场景下的适用性和局限性。,自然语言处理,8563,2024,郑宇 等,中国计算机大会
paper_zh_0947,代码生成与大语言模型（扩展研究 40）,代码生成与大语言模型。本研究在更大规模数据集上进行了额外实验验证，提供了理论分析补充。系统性评估了方法在不同场景下的适用性和局限性。,自然语言处理,8838,2022,张伟 等,ACL 中文研讨会
paper_zh_0948,知识蒸馏模型压缩技术（扩展研究 12）,知识蒸馏模型压缩技术。本研究在更大规模数据集上进行了额外实验验证，提供了理论分析补充。系统性评估了方法在不同场景下的适用性和局限性。,强化学习,9986,2022,王强 等,NeurIPS
paper_zh_0949,因果推断在推荐系统中的应用（扩展研究 27）,因果推断在推荐系统中的应用。本研究在更大规模数据集上进行了额外实验验证，提供了理论分析补充。系统性评估了方法在不同场景下的适用性和局限性。,计算机视觉,17337,2022,刘洋 等,自然语言处理前沿
paper_zh_0950,多模态预训练模型进展（扩展研究 20）,多模态预训练模型进展。本研究在更大规模数据集上进行了额外实验验证，提供了理论分析补充。系统性评估了方法在不同场景下的适用性和局限性。,自然语言处理,8844,2022,刘洋 等,NeurIPS
paper_zh_0951,深度学习在医疗影像中的应用（扩展研究 24）,深度学习在医疗影像中的应用。本研究在更大规模数据集上进行了额外实验验证，提供了理论分析补充。系统性评估了方法在不同场景下的适用性和局限性。,强化学习,8208,2022,郑宇 等,自然语言处理前沿
paper_zh_0952,中文文本分类与情感分析综述（扩展研究 11）,中文文本分类与情感分析综述。本研究在更大规模数据集上进行了额外实验验证，提供了理论分析补充。系统性评估了方法在不同场景下的适用性和局限性。,图机器学习,17811,2024,吴昊 等,人工智能学报
paper_zh_0953,分布式训练系统优化策略（扩展研究 35）,分布式训练系统优化策略。本研究在更大规模数据集上进行了额外实验验证，提供了理论分析补充。系统性评估了方法在不同场景下的适用性和局限性。,计算机视觉,4313,2022,刘洋 等,中国计算机大会
paper_zh_0954,深度学习在医疗影像中的应用（扩展研究 42）,深度学习在医疗影像中的应用。本研究在更大规模数据集上进行了额外实验验证，提供了理论分析补充。系统性评估了方法在不同场景下的适用性和局限性。,图机器学习,8172,2022,陈晨 等,自然语言处理前沿
paper_zh_0955,时间序列异常检测方法对比（扩展研究 17）,时间序列异常检测方法对比。本研究在更大规模数据集上进行了额外实验验证，提供了理论分析补充。系统性评估了方法在不同场景下的适用性和局限性。,数据系统,17590,2022,郑宇 等,数据挖掘与知识发现
paper_zh_0956,多模态预训练模型进展（扩展研究 22）,多模态预训练模型进展。本研究在更大规模数据集上进行了额外实验验证，提供了理论分析补充。系统性评估了方法在不同场景下的适用性和局限性。,机器学习,17306,2022,赵磊 等,中国计算机大会
paper_zh_0957,代码生成与大语言模型（扩展研究 44）,代码生成与大语言模型。本研究在更大规模数据集上进行了额外实验验证，提供了理论分析补充。系统性评估了方法在不同场景下的适用性和局限性。,计算机视觉,12374,2023,李明 等,AAAI
paper_zh_0958,大语言模型知识图谱构建综述（扩展研究 22）,大语言模型知识图谱构建综述。本研究在更大规模数据集上进行了额外实验验证，提供了理论分析补充。系统性评估了方法在不同场景下的适用性和局限性。,图机器学习,5931,2024,王强 等,ACL 中文研讨会
paper_zh_0959,联邦学习隐私保护技术（扩展研究 12）,联邦学习隐私保护技术。本研究在更大规模数据集上进行了额外实验验证，提供了理论分析补充。系统性评估了方法在不同场景下的适用性和局限性。,数据系统,5716,2022,郑宇 等,中国计算机大会
paper_zh_0960,中文文本分类与情感分析综述（扩展研究 20）,中文文本分类与情感分析综述。本研究在更大规模数据集上进行了额外实验验证，提供了理论分析补充。系统性评估了方法在不同场景下的适用性和局限性。,数据系统,8213,2023,郑宇 等,数据挖掘与知识发现
paper_zh_0961,因果推断在推荐系统中的应用（扩展研究 8）,因果推断在推荐系统中的应用。本研究在更大规模数据集上进行了额外实验验证，提供了理论分析补充。系统性评估了方法在不同场景下的适用性和局限性。,自然语言处理,15334,2022,周涛 等,中国计算机大会
paper_zh_0962,中文文本分类与情感分析综述（扩展研究 47）,中文文本分类与情感分析综述。本研究在更大规模数据集上进行了额外实验验证，提供了理论分析补充。系统性评估了方法在不同场景下的适用性和局限性。,数据系统,4161,2022,刘洋 等,数据挖掘与知识发现
paper_zh_0963,基于图神经网络的推荐系统（扩展研究 27）,基于图神经网络的推荐系统。本研究在更大规模数据集上进行了额外实验验证，提供了理论分析补充。系统性评估了方法在不同场景下的适用性和局限性。,计算机视觉,12648,2024,吴昊 等,数据挖掘与知识发现
paper_zh_0964,代码生成与大语言模型（扩展研究 35）,代码生成与大语言模型。本研究在更大规模数据集上进行了额外实验验证，提供了理论分析补充。系统性评估了方法在不同场景下的适用性和局限性。,计算机视觉,10490,2023,周涛 等,人工智能学报
paper_zh_0965,联邦学习隐私保护技术（扩展研究 20）,联邦学习隐私保护技术。本研究在更大规模数据集上进行了额外实验验证，提供了理论分析补充。系统性评估了方法在不同场景下的适用性和局限性。,自然语言处理,16791,2023,郑宇 等,NeurIPS
paper_zh_0966,深度学习在医疗影像中的应用（扩展研究 2）,深度学习在医疗影像中的应用。本研究在更大规模数据集上进行了额外实验验证，提供了理论分析补充。系统性评估了方法在不同场景下的适用性和局限性。,数据系统,11249,2022,刘洋 等,NeurIPS
paper_zh_0967,分布式训练系统优化策略（扩展研究 5）,分布式训练系统优化策略。本研究在更大规模数据集上进行了额外实验验证，提供了理论分析补充。系统性评估了方法在不同场景下的适用性和局限性。,数据系统,16574,2023,周涛 等,AAAI
paper_zh_0968,检索增强生成企业智能客服应用（扩展研究 2）,检索增强生成企业智能客服应用。本研究在更大规模数据集上进行了额外实验验证，提供了理论分析补充。系统性评估了方法在不同场景下的适用性和局限性。,机器学习,13147,2022,吴昊 等,中国计算机大会
paper_zh_0969,深度学习在医疗影像中的应用（扩展研究 35）,深度学习在医疗影像中的应用。本研究在更大规模数据集上进行了额外实验验证，提供了理论分析补充。系统性评估了方法在不同场景下的适用性和局限性。,自然语言处理,13735,2022,吴昊 等,数据挖掘与知识发现
paper_zh_0970,基于图神经网络的推荐系统（扩展研究 10）,基于图神经网络的推荐系统。本研究在更大规模数据集上进行了额外实验验证，提供了理论分析补充。系统性评估了方法在不同场景下的适用性和局限性。,自然语言处理,16951,2024,郑宇 等,数据挖掘与知识发现
paper_zh_0971,大语言模型知识图谱构建综述（扩展研究 21）,大语言模型知识图谱构建综述。本研究在更大规模数据集上进行了额外实验验证，提供了理论分析补充。系统性评估了方法在不同场景下的适用性和局限性。,计算机视觉,7538,2024,刘洋 等,人工智能学报
paper_zh_0972,向量数据库技术选型与实践（扩展研究 27）,向量数据库技术选型与实践。本研究在更大规模数据集上进行了额外实验验证，提供了理论分析补充。系统性评估了方法在不同场景下的适用性和局限性。,计算机视觉,4298,2022,孙鹏 等,自然语言处理前沿
paper_zh_0973,基于图神经网络的推荐系统（扩展研究 32）,基于图神经网络的推荐系统。本研究在更大规模数据集上进行了额外实验验证，提供了理论分析补充。系统性评估了方法在不同场景下的适用性和局限性。,强化学习,11227,2023,王强 等,数据挖掘与知识发现
paper_zh_0974,深度学习在医疗影像中的应用（扩展研究 37）,深度学习在医疗影像中的应用。本研究在更大规模数据集上进行了额外实验验证，提供了理论分析补充。系统性评估了方法在不同场景下的适用性和局限性。,数据系统,8745,2024,张伟 等,ACL 中文研讨会
paper_zh_0975,分布式训练系统优化策略（扩展研究 8）,分布式训练系统优化策略。本研究在更大规模数据集上进行了额外实验验证，提供了理论分析补充。系统性评估了方法在不同场景下的适用性和局限性。,强化学习,11001,2022,孙鹏 等,NeurIPS
paper_zh_0976,向量数据库技术选型与实践（扩展研究 31）,向量数据库技术选型与实践。本研究在更大规模数据集上进行了额外实验验证，提供了理论分析补充。系统性评估了方法在不同场景下的适用性和局限性。,图机器学习,9162,2022,陈晨 等,人工智能学报
paper_zh_0977,多模态预训练模型进展（扩展研究 6）,多模态预训练模型进展。本研究在更大规模数据集上进行了额外实验验证，提供了理论分析补充。系统性评估了方法在不同场景下的适用性和局限性。,强化学习,8071,2023,刘洋 等,NeurIPS
paper_zh_0978,代码生成与大语言模型（扩展研究 19）,代码生成与大语言模型。本研究在更大规模数据集上进行了额外实验验证，提供了理论分析补充。系统性评估了方法在不同场景下的适用性和局限性。,数据系统,6567,2024,吴昊 等,ACL 中文研讨会
paper_zh_0979,Apache Arrow 列式内存格式优化研究（扩展研究 2）,Apache Arrow 列式内存格式优化研究。本研究在更大规模数据集上进行了额外实验验证，提供了理论分析补充。系统性评估了方法在不同场景下的适用性和局限性。,图机器学习,7427,2024,赵磊 等,ACL 中文研讨会
paper_zh_0980,基于图神经网络的推荐系统（扩展研究 10）,基于图神经网络的推荐系统。本研究在更大规模数据集上进行了额外实验验证，提供了理论分析补充。系统性评估了方法在不同场景下的适用性和局限性。,图机器学习,16132,2024,孙鹏 等,中国计算机大会
paper_zh_0981,时间序列异常检测方法对比（扩展研究 36）,时间序列异常检测方法对比。本研究在更大规模数据集上进行了额外实验验证，提供了理论分析补充。系统性评估了方法在不同场景下的适用性和局限性。,图机器学习,9664,2022,王强 等,自然语言处理前沿
paper_zh_0982,自监督学习前沿进展（扩展研究 31）,自监督学习前沿进展。本研究在更大规模数据集上进行了额外实验验证，提供了理论分析补充。系统性评估了方法在不同场景下的适用性和局限性。,图机器学习,7878,2023,张伟 等,中国计算机大会
paper_zh_0983,中文文本分类与情感分析综述（扩展研究 41）,中文文本分类与情感分析综述。本研究在更大规模数据集上进行了额外实验验证，提供了理论分析补充。系统性评估了方法在不同场景下的适用性和局限性。,机器学习,17265,2024,周涛 等,人工智能学报
paper_zh_0984,中文文本分类与情感分析综述（扩展研究 31）,中文文本分类与情感分析综述。本研究在更大规模数据集上进行了额外实验验证，提供了理论分析补充。系统性评估了方法在不同场景下的适用性和局限性。,强化学习,9391,2023,周涛 等,ACL 中文研讨会
paper_zh_0985,自监督学习前沿进展（扩展研究 43）,自监督学习前沿进展。本研究在更大规模数据集上进行了额外实验验证，提供了理论分析补充。系统性评估了方法在不同场景下的适用性和局限性。,强化学习,11365,2023,张伟 等,AAAI
paper_zh_0986,因果推断在推荐系统中的应用（扩展研究 4）,因果推断在推荐系统中的应用。本研究在更大规模数据集上进行了额外实验验证，提供了理论分析补充。系统性评估了方法在不同场景下的适用性和局限性。,图机器学习,13435,2023,周涛 等,自然语言处理前沿
paper_zh_0987,因果推断在推荐系统中的应用（扩展研究 21）,因果推断在推荐系统中的应用。本研究在更大规模数据集上进行了额外实验验证，提供了理论分析补充。系统性评估了方法在不同场景下的适用性和局限性。,机器学习,9973,2023,赵磊 等,自然语言处理前沿
paper_zh_0988,联邦学习隐私保护技术（扩展研究 16）,联邦学习隐私保护技术。本研究在更大规模数据集上进行了额外实验验证，提供了理论分析补充。系统性评估了方法在不同场景下的适用性和局限性。,数据系统,13987,2023,李明 等,人工智能学报
paper_zh_0989,时间序列异常检测方法对比（扩展研究 14）,时间序列异常检测方法对比。本研究在更大规模数据集上进行了额外实验验证，提供了理论分析补充。系统性评估了方法在不同场景下的适用性和局限性。,机器学习,16669,2024,陈晨 等,中国计算机大会
paper_zh_0990,联邦学习隐私保护技术（扩展研究 15）,联邦学习隐私保护技术。本研究在更大规模数据集上进行了额外实验验证，提供了理论分析补充。系统性评估了方法在不同场景下的适用性和局限性。,计算机视觉,10577,2024,郑宇 等,中国计算机大会
paper_zh_0991,多模态预训练模型进展（扩展研究 49）,多模态预训练模型进展。本研究在更大规模数据集上进行了额外实验验证，提供了理论分析补充。系统性评估了方法在不同场景下的适用性和局限性。,机器学习,4330,2023,李明 等,数据挖掘与知识发现
paper_zh_0992,联邦学习隐私保护技术（扩展研究 22）,联邦学习隐私保护技术。本研究在更大规模数据集上进行了额外实验验证，提供了理论分析补充。系统性评估了方法在不同场景下的适用性和局限性。,强化学习,11033,2024,陈晨 等,ACL 中文研讨会
paper_zh_0993,联邦学习隐私保护技术（扩展研究 47）,联邦学习隐私保护技术。本研究在更大规模数据集上进行了额外实验验证，提供了理论分析补充。系统性评估了方法在不同场景下的适用性和局限性。,机器学习,6646,2022,吴昊 等,数据挖掘与知识发现
paper_zh_0994,联邦学习隐私保护技术（扩展研究 44）,联邦学习隐私保护技术。本研究在更大规模数据集上进行了额外实验验证，提供了理论分析补充。系统性评估了方法在不同场景下的适用性和局限性。,图机器学习,11437,2022,孙鹏 等,自然语言处理前沿
paper_zh_0995,向量数据库技术选型与实践（扩展研究 26）,向量数据库技术选型与实践。本研究在更大规模数据集上进行了额外实验验证，提供了理论分析补充。系统性评估了方法在不同场景下的适用性和局限性。,图机器学习,9247,2024,周涛 等,ACL 中文研讨会
paper_zh_0996,深度学习在医疗影像中的应用（扩展研究 17）,深度学习在医疗影像中的应用。本研究在更大规模数据集上进行了额外实验验证，提供了理论分析补充。系统性评估了方法在不同场景下的适用性和局限性。,自然语言处理,9049,2022,李明 等,中国计算机大会
paper_zh_0997,多模态预训练模型进展（扩展研究 23）,多模态预训练模型进展。本研究在更大规模数据集上进行了额外实验验证，提供了理论分析补充。系统性评估了方法在不同场景下的适用性和局限性。,计算机视觉,11203,2024,孙鹏 等,NeurIPS
paper_zh_0998,检索增强生成企业智能客服应用（扩展研究 26）,检索增强生成企业智能客服应用。本研究在更大规模数据集上进行了额外实验验证，提供了理论分析补充。系统性评估了方法在不同场景下的适用性和局限性。,机器学习,9368,2023,王强 等,自然语言处理前沿
paper_zh_0999,多模态预训练模型进展（扩展研究 11）,多模态预训练模型进展。本研究在更大规模数据集上进行了额外实验验证，提供了理论分析补充。系统性评估了方法在不同场景下的适用性和局限性。,机器学习,17779,2024,李明 等,ACL 中文研讨会
paper_zh_1000,知识蒸馏模型压缩技术（扩展研究 37）,知识蒸馏模型压缩技术。本研究在更大规模数据集上进行了额外实验验证，提供了理论分析补充。系统性评估了方法在不同场景下的适用性和局限性。,数据系统,14220,2024,吴昊 等,自然语言处理前沿
